{"stat.pickup.minecraft.repeating_command_block":1,"stat.pickup.minecraft.wooden_slab":1,"stat.pickup.kagic.bismuth_gem":2,"stat.leaveGame":25,"stat.drop.kagic.citrine_1_gem":4,"stat.pickup.minecraft.flower_pot":2,"stat.useItem.minecraft.diamond_sword":98,"stat.pickup.kagic.cracked_pearl_3_gem":1,"stat.swimOneCm":17083,"stat.pickup.minecraft.lime_shulker_box":2,"stat.climbOneCm":19236,"stat.drop.minecraft.feather":2,"stat.useItem.minecraft.fire_charge":4,"stat.pickup.minecraft.writable_book":9,"stat.pickup.kagic.pink_sandstone_stairs":1,"stat.drop.minecraft.writable_book":3,"stat.pickup.kagic.pearl_12_gem":1,"stat.useItem.minecraft.stone_slab2":9254,"stat.pickup.kagic.pearl_5_gem":4,"stat.pickup.forge.bucketfilled":1,"stat.pickup.kagic.agate_10_gem":1,"stat.pickup.kagic.jasper_1_gem":3,"stat.useItem.kagic.jasper_6_gem":3,"stat.pickup.kagic.cracked_pearl_6_gem":1,"stat.pickup.kagic.pearl_2_gem":1,"stat.drop.kagic.pink_sandstone_stairs":1,"stat.useItem.minecraft.vine":4,"stat.pickup.minecraft.anvil":38,"stat.craftItem.minecraft.cooked_beef":64,"stat.pickup.minecraft.cobblestone":2,"stat.useItem.kagic.peridot_gem":1,"stat.aviateOneCm":379880,"stat.flyOneCm":7455251,"stat.pickup.kagic.ruby_gem":9,"stat.pickup.minecraft.sandstone":16,"stat.pickup.minecraft.brown_mushroom":31,"stat.pickup.kagic.pearl_15_gem":4,"stat.pickup.minecraft.redstone":9,"stat.drop.minecraft.tnt":1,"stat.timeSinceDeath":722511,"stat.pickup.kagic.pearl_9_gem":1,"stat.drop.minecraft.log":2,"stat.useItem.kagic.pearl_0_gem":5,"stat.useItem.minecraft.wooden_slab":30,"stat.drop.kagic.cracked_carnelian_gem":6,"stat.pickup.minecraft.double_plant":1,"stat.trappedChestTriggered":2,"stat.useItem.kagic.jasper_2_gem":1,"stat.pickup.minecraft.wooden_axe":3,"stat.pickup.kagic.cracked_peridot_gem":1,"stat.furnaceInteraction":20,"stat.pickup.minecraft.carpet":18,"stat.useItem.kagic.pearl_12_gem":1,"stat.useItem.kagic.pearl_5_gem":4,"stat.pickup.kagic.pearl_6_gem":7,"stat.pickup.minecraft.beef":4,"stat.pickup.kagic.cracked_jasper_3_gem":1,"stat.craftItem.minecraft.stone_slab2":0,"stat.pickup.kagic.jasper_2_gem":1,"stat.pickup.minecraft.sandstone_stairs":1,"stat.sprintOneCm":542795,"stat.useItem.kagic.bismuth_gem":3,"stat.pickup.minecraft.skull":116,"stat.useItem.minecraft.stone_slab":2,"stat.useItem.kagic.ruby_gem":2,"stat.useItem.minecraft.flint_and_steel":12,"stat.pickup.minecraft.grass":1,"stat.pickup.kagic.jasper_gem":4,"stat.useItem.kagic.carnelian_gem":1,"stat.useItem.minecraft.wooden_shovel":23,"stat.pickup.kagic.cracked_jasper_2_gem":1,"stat.pickup.kagic.jasper_3_gem":1,"stat.drop.kagic.gem_staff":1,"stat.deaths":1,"stat.drop":52,"stat.pickup.minecraft.egg":1,"stat.playOneMinute":1401400,"stat.pickup.minecraft.stone_button":5,"stat.pickup.minecraft.item_frame":1,"stat.diveOneCm":13687,"stat.drop.minecraft.diamond_pickaxe":1,"stat.useItem.kagic.jasper_3_gem":1,"stat.pickup.kagic.pearl_1_gem":2,"stat.chestOpened":60,"stat.drop.minecraft.flower_pot":1,"stat.pickup.minecraft.spruce_door":2,"stat.pickup.minecraft.purple_shulker_box":256,"stat.pickup.kagic.pearl_7_gem":1,"stat.drop.kagic.ruby_gem":1,"stat.useItem.kagic.jasper_1_gem":3,"stat.useItem.kagic.pearl_6_gem":5,"stat.pickup.minecraft.stained_glass_pane":1,"stat.useItem.minecraft.carpet":15,"stat.jump":3243,"stat.pickup.minecraft.fence":1,"stat.fallOneCm":1672,"stat.pickup.minecraft.black_shulker_box":9,"stat.pickup.kagic.peridot_gem":2,"stat.crouchOneCm":27499,"stat.pickup.kagic.citrine_1_gem":20,"stat.pickup.minecraft.dirt":8,"stat.useItem.kagic.citrine_1_gem":1,"stat.useItem.minecraft.stone_button":5,"stat.pickup.minecraft.red_mushroom":2,"stat.useItem.kagic.agate_10_gem":1,"stat.drop.minecraft.pumpkin_pie":55,"stat.boatOneCm":61924,"stat.pickup.kagic.carnelian_gem":7,"stat.pickup.minecraft.repeater":3,"stat.pickup.kagic.pearl_4_gem":1,"stat.pickup.minecraft.leather":1,"stat.useItem.kagic.pearl_2_gem":1,"stat.dispenserInspected":3,"stat.pickup.minecraft.dye":1,"stat.drop.kagic.gem_seed":1,"stat.pickup.minecraft.wheat_seeds":2,"stat.pickup.kagic.pearl_0_gem":7,"stat.pickup.minecraft.stained_glass":1,"stat.damageDealt":22113,"stat.flowerPotted":13,"stat.pickup.kagic.pearl_8_gem":2,"stat.walkOneCm":1004876,"stat.pickup.kagic.jasper_6_gem":4,"stat.pickup.minecraft.stick":1,"stat.useItem.minecraft.lava_bucket":177,"stat.minecartOneCm":103814,"stat.pickup.kagic.amethyst_gem":2,"stat.pickup.minecraft.log":2,"stat.useItem.minecraft.item_frame":15,"stat.useItem.kagic.jasper_gem":4,"stat.pickup.minecraft.tallgrass":1,"stat.shulkerBoxOpened":36,"stat.drop.kagic.cracked_amethyst_gem":2,"stat.drop.minecraft.command_block":1,"stat.pickup.kagic.active_gem_base":93,"stat.pickup.kagic.gem_staff":2,"stat.useItem.kagic.agate_9_gem":1,"stat.drop.kagic.cracked_citrine_1_gem":1,"stat.drop.kagic.cracked_jasper_gem":4,"stat.pickup.minecraft.dark_oak_stairs":1,"stat.pickup.kagic.time_glass":1,"stat.mobKills":50,"stat.drop.minecraft.repeating_command_block":1,"stat.pickup.kagic.pearl_14_gem":1,"stat.useItem.minecraft.writable_book":10,"stat.pickup.minecraft.red_flower":2,"stat.sneakTime":27776,"stat.pickup.minecraft.wool":1,"stat.pickup.minecraft.stone_slab":1,"stat.pickup.minecraft.yellow_flower":2,"stat.drop.minecraft.grass":3,"stat.drop.minecraft.wooden_axe":2,"stat.pickup.kagic.agate_9_gem":1}