{"stat.beaconInteraction":1,"stat.useItem.minecraft.bow":14,"stat.useItem.minecraft.painting":12,"stat.pickup.kagic.bismuth_gem":5,"stat.leaveGame":78,"stat.killEntity.Parrot":396,"stat.useItem.kagic.sapphire_0_gem":1,"stat.drop.minecraft.redstone":11,"stat.drop.kagic.sapphire_13_gem":1,"stat.drop.forge.bucketfilled":2,"stat.drop.kagic.cracked_pearl_10_gem":1,"stat.pickup.kagic.cracked_pearl_14_gem":1,"stat.drop.kagic.amethyst_gem":1,"stat.drop.kagic.pearl_12_gem":1,"stat.drop.minecraft.feather":58,"stat.drop.minecraft.coal_block":1,"stat.drop.kagic.peridot_gem":1,"stat.pickup.kagic.pearl_5_gem":19,"stat.pickup.minecraft.rotten_flesh":9,"stat.drop.minecraft.redstone_torch":1,"stat.drop.kagic.sapphire_4_gem":1,"stat.useItem.kagic.corrupted_cuarzo_rosa_gem":1,"stat.useItem.minecraft.vine":23,"stat.drop.minecraft.brick_block":2,"stat.pickup.kagic.cracked_citrine_gem":8,"stat.useItem.kagic.topaz_gem":3,"stat.pickup.minecraft.brown_mushroom":3,"stat.drop.minecraft.sand":36,"stat.killEntity.MushroomCow":61,"stat.pickup.kagic.warp_pad_core":3,"stat.killEntity.Villager":2,"stat.drop.minecraft.gold_ingot":23,"stat.drop.minecraft.tnt":2,"stat.pickup.minecraft.stained_hardened_clay":1,"stat.drop.minecraft.gravel":11,"stat.furnaceInteraction":16,"stat.pickup.kagic.record_roses_fountain":1,"stat.pickup.kagic.sapphire_11_gem":1,"stat.drop.minecraft.chorus_fruit":24,"stat.drop.minecraft.red_flower":13,"stat.pickup.minecraft.beef":336,"stat.pickup.kagic.pearl_6_gem":3,"stat.drop.minecraft.cactus":2,"stat.pickup.kagic.cracked_pearl_15_gem":1,"stat.drop.minecraft.magma":6,"stat.drop.minecraft.stone_pressure_plate":1,"stat.drop.minecraft.lead":2,"stat.drop.minecraft.furnace":1,"stat.pickup.kagic.cracked_corrupted_amatista_gem":1,"stat.useItem.kagic.ruby_gem":65,"stat.pickup.minecraft.potion":8,"stat.useItem.minecraft.flint_and_steel":17,"stat.drop.minecraft.nether_brick_stairs":2,"stat.pickup.kagic.corrupted_jasper_7_gem":1,"stat.useItem.minecraft.lingering_potion":224,"stat.drop.minecraft.lime_glazed_terracotta":1,"stat.pickup.kagic.yellow_diamond_gem":16,"stat.drop.kagic.gem_staff":5,"stat.pickup.minecraft.lever":2,"stat.deaths":15,"stat.pickup.minecraft.egg":4,"stat.pickup.minecraft.sea_lantern":4,"stat.pickup.minecraft.item_frame":1,"stat.drop.minecraft.torch":3,"stat.drop.kagic.record_the_breaking_point":1,"stat.mineBlock.minecraft.tallgrass":47,"stat.chestOpened":63,"stat.useItem.kagic.sapphire_10_gem":1,"stat.useItem.minecraft.splash_potion":5423,"stat.pickup.kagic.cracked_amethyst_gem":29,"stat.drop.kagic.strawberry_slice":8,"stat.killEntity.Ghast":1,"stat.useItem.kagic.agate_5_gem":5,"stat.drop.minecraft.experience_bottle":1,"stat.pickup.kagic.pearl_7_gem":1,"stat.drop.kagic.cracked_zircon_13_gem":1,"stat.useItem.kagic.jasper_1_gem":7,"stat.pickup.minecraft.gold_nugget":214,"stat.drop.minecraft.banner":3,"stat.drop.kagic.pink_sandstone_slab":2,"stat.drop.minecraft.dark_oak_stairs":2,"stat.drop.kagic.cracked_citrine_gem":3,"stat.pickup.kagic.rutile_gem":7,"stat.crouchOneCm":341258,"stat.pickup.minecraft.rail":5,"stat.mineBlock.kagic.iris":1,"stat.pickup.minecraft.painting":4,"stat.drop.minecraft.mushroom_stew":1,"stat.craftingTableInteraction":1,"stat.drop.minecraft.concrete_powder":30,"stat.pickup.kagic.cracked_pearl_12_gem":1,"stat.pickup.kagic.carnelian_gem":1,"stat.drop.kagic.rutile_trail":1,"stat.pickup.minecraft.mushroom_stew":1,"stat.drop.minecraft.double_plant":1,"stat.pickup.kagic.cracked_pearl_8_gem":2,"stat.drop.kagic.gem_seed":2,"stat.pickup.minecraft.planks":3,"stat.pickup.minecraft.wheat_seeds":12,"stat.drop.minecraft.snow":1,"stat.useItem.kagic.corrupted_watermelon_tourmaline_gem":1,"stat.drop.minecraft.carpet":16,"stat.flowerPotted":44,"stat.pickup.kagic.cracked_zircon_10_gem":1,"stat.drop.minecraft.paper":64,"stat.pickup.minecraft.brewing_stand":1,"stat.drop.minecraft.brewing_stand":2,"stat.drop.kagic.cracked_zircon_12_gem":2,"stat.drop.minecraft.lingering_potion":1,"stat.useItem.minecraft.cobblestone":11,"stat.useItem.kagic.jasper_0_gem":2,"stat.craftItem.minecraft.leather_boots":1,"stat.drop.kagic.warp_pad_core":4,"stat.pickup.kagic.cracked_zircon_3_gem":2,"stat.minecartOneCm":52710,"stat.drop.minecraft.iron_door":1,"stat.useItem.kagic.cracked_agate_10_gem":1,"stat.pickup.minecraft.bedrock":2,"stat.drop.minecraft.chicken":17,"stat.useItem.kagic.corrupted_jasper_1_gem":6,"stat.pickup.minecraft.hopper":1,"stat.drop.minecraft.sapling":1,"stat.drop.kagic.cracked_amethyst_gem":6,"stat.pickup.minecraft.chicken":153,"stat.drop.minecraft.gold_nugget":107,"stat.drop.kagic.cracked_peridot_gem":1,"stat.useItem.minecraft.fireworks":263,"stat.pickup.kagic.steven_stone":9,"stat.pickup.minecraft.end_stone":1,"stat.pickup.minecraft.banner":3,"stat.pickup.kagic.zircon_13_gem":1,"stat.pickup.kagic.sapphire_4_gem":1,"stat.pickup.kagic.record_yellow_diamond":28,"stat.pickup.kagic.cracked_pearl_13_gem":1,"stat.pickup.kagic.strawberry_slice":8,"stat.pickup.kagic.cracked_pearl_9_gem":2,"stat.pickup.minecraft.iron_door":1,"stat.pickup.minecraft.red_flower":10,"stat.drop.minecraft.sea_lantern":12,"stat.useItem.minecraft.wooden_axe":2,"stat.drop.minecraft.grass":24,"stat.drop.minecraft.observer":2,"stat.drop.kagic.cracked_zircon_11_gem":1,"stat.drop.minecraft.pumpkin":1,"stat.pickup.minecraft.bookshelf":1,"stat.useItem.kagic.corrupted_jasper_2_gem":1,"stat.pickup.kagic.cracked_zircon_11_gem":1,"stat.drop.minecraft.beacon":2,"stat.pickup.minecraft.flower_pot":4,"stat.pickup.kagic.cracked_topaz_1_gem":3,"stat.useItem.kagic.rock_melt":1,"stat.useItem.minecraft.concrete_powder":17,"stat.pickup.minecraft.enchanted_book":1,"stat.pickup.kagic.cracked_citrine_1_gem":7,"stat.drop.minecraft.cobblestone":15,"stat.useItem.kagic.cracked_amethyst_gem":1,"stat.drop.kagic.cracked_ruby_gem":12,"stat.useItem.minecraft.stone_slab2":46384,"stat.drop.kagic.pearl_3_gem":5,"stat.pickup.minecraft.end_portal_frame":1,"stat.useItem.kagic.ender_pearl_gem":2,"stat.useItem.minecraft.egg":1,"stat.pickup.kagic.cracked_pearl_6_gem":3,"stat.drop.kagic.cracked_zircon_6_gem":1,"stat.pickup.kagic.cracked_jasper_1_gem":2,"stat.drop.minecraft.quartz_stairs":15,"stat.pickup.minecraft.record_chirp":1,"stat.drop.kagic.blue_diamond_gem":1,"stat.pickup.kagic.ruby_gem":90,"stat.flyOneCm":-404215503,"stat.drop.minecraft.heavy_weighted_pressure_plate":3,"stat.pickup.minecraft.sandstone":6,"stat.pickup.kagic.zircon_4_gem":1,"stat.drop.kagic.cracked_pearl_9_gem":1,"stat.drop.minecraft.light_blue_glazed_terracotta":1,"stat.drop.minecraft.snow_layer":5,"stat.drop.kagic.cracked_yellow_diamond_gem":3,"stat.timeSinceDeath":42302,"stat.pickup.kagic.pearl_9_gem":1,"stat.cauldronFilled":2,"stat.pickup.kagic.cracked_pearl_10_gem":2,"stat.pickup.kagic.citrine_gem":4,"stat.drop.minecraft.stained_glass":33,"stat.drop.minecraft.flint_and_steel":1,"stat.killEntity.Wolf":64,"stat.drop.minecraft.wool":5,"stat.pickup.kagic.joint_contract":2,"stat.drop.kagic.cracked_corrupted_amatista_gem":1,"stat.drop.minecraft.spawn_egg":11,"stat.drop.minecraft.ender_chest":1,"stat.useItem.minecraft.milk_bucket":6,"stat.drop.minecraft.obsidian":5,"stat.drop.minecraft.jungle_stairs":1,"stat.drop.kagic.cracked_zircon_10_gem":1,"stat.drop.minecraft.oak_stairs":2,"stat.pickup.kagic.zircon_6_gem":1,"stat.sprintOneCm":1068993,"stat.drop.minecraft.leather":96,"stat.useItem.kagic.bismuth_gem":11,"stat.pickup.kagic.cracked_pearl_7_gem":2,"stat.drop.kagic.cracked_zircon_7_gem":1,"stat.pickup.kagic.cracked_bismuth_gem":1,"stat.useItem.minecraft.snowball":116,"stat.pickup.kagic.jasper_gem":1,"stat.drop.kagic.pearl_4_gem":4,"stat.drop.minecraft.lava_bucket":7,"stat.drop.minecraft.cobblestone_wall":7,"stat.drop.minecraft.redstone_ore":1,"stat.useItem.kagic.rose_quartz_gem":3,"stat.craftItem.minecraft.leather_chestplate":1,"stat.useItem.minecraft.banner":2,"stat.useItem.minecraft.ladder":28,"stat.pickup.minecraft.snowball":13,"stat.pickup.kagic.cracked_topaz_gem":24,"stat.pickup.kagic.hessonite_gem":50,"stat.pickup.kagic.blue_diamond_gem":20,"stat.diveOneCm":526603,"stat.pickup.kagic.cracked_agate_7_gem":1,"stat.drop.minecraft.stone_stairs":1,"stat.pickup.minecraft.sign":24,"stat.drop.minecraft.ladder":53,"stat.pickup.kagic.record_the_breaking_point":1,"stat.drop.minecraft.purple_glazed_terracotta":1,"stat.drop.minecraft.sponge":4,"stat.drop.minecraft.sandstone":8,"stat.jump":5061,"stat.pickup.minecraft.coal":1,"stat.pickup.kagic.peridot_gem":1,"stat.drop.minecraft.diamond_sword":9,"stat.pickup.kagic.citrine_1_gem":2,"stat.pickup.minecraft.dirt":11,"stat.pickup.kagic.cracked_pearl_5_gem":2,"stat.drop.minecraft.glowstone":6,"stat.drop.minecraft.barrier":4,"stat.pickup.kagic.zircon_7_gem":2,"stat.drop.minecraft.gold_block":1,"stat.pickup.minecraft.cookie":1,"stat.drop.minecraft.acacia_boat":1,"stat.drop.kagic.cracked_pearl_7_gem":2,"stat.brewingstandInteraction":4,"stat.damageTaken":177561,"stat.mineBlock.minecraft.red_flower":1,"stat.noteblockTuned":174,"stat.drop.minecraft.green_glazed_terracotta":1,"stat.pickup.minecraft.bed":5,"stat.drop.minecraft.nether_brick_fence":1,"stat.pickup.minecraft.concrete":5,"stat.pickup.minecraft.quartz_block":7,"stat.killEntity.Shulker":3,"stat.drop.kagic.pearl_1_gem":1,"stat.pickup.kagic.corrupted_cuarzo_rosa_gem":1,"stat.drop.kagic.lapis_lazuli_gem":6,"stat.pickup.kagic.connie_bracelet":8,"stat.pickup.minecraft.green_shulker_box":2,"stat.drop.minecraft.item_frame":2,"stat.useItem.kagic.zircon_7_gem":1,"stat.useItem.minecraft.pumpkin":2,"stat.useItem.minecraft.lava_bucket":305,"stat.pickup.kagic.cracked_ruby_gem":32,"stat.shulkerBoxOpened":11,"stat.drop.minecraft.egg":2,"stat.drop.minecraft.wooden_slab":8,"stat.useItem.minecraft.redstone_ore":1,"stat.drop.kagic.record_pyramid":1,"stat.pickup.minecraft.ladder":262,"stat.pickup.kagic.roaming_eye":14,"stat.drop.minecraft.nether_brick":4,"stat.pickup.kagic.cracked_hessonite_gem":1,"stat.drop.minecraft.lever":7,"stat.pickup.kagic.record_blue_diamond":24,"stat.drop.kagic.sapphire_16_gem":2,"stat.drop.minecraft.cookie":64,"stat.mobKills":2094,"stat.pickup.kagic.cracked_pearl_gem":3,"stat.useItem.kagic.sapphire_13_gem":1,"stat.drop.kagic.cracked_pearl_8_gem":1,"stat.drop.minecraft.spruce_stairs":2,"stat.useItem.minecraft.writable_book":4,"stat.drop.minecraft.quartz_block":17,"stat.drop.kagic.pearl_2_gem":1,"stat.useItem.kagic.liberation_contract":1,"stat.drop.minecraft.armor_stand":2,"stat.drop.minecraft.waterlily":2,"stat.pickup.kagic.lapis_lazuli_gem":30,"stat.drop.kagic.cracked_zircon_3_gem":2,"stat.killEntity.Ozelot":102,"stat.pickup.kagic.cracked_pearl_3_gem":5,"stat.drop.minecraft.red_nether_brick":4,"stat.pickup.kagic.ender_pearl_gem":3,"stat.drop.minecraft.skull":7,"stat.useItem.minecraft.planks":85,"stat.drop.minecraft.wooden_door":4,"stat.pickup.minecraft.blaze_powder":1,"stat.useItem.minecraft.water_bucket":790,"stat.pickup.minecraft.sand":31,"stat.pickup.minecraft.splash_potion":1,"stat.pickup.kagic.rose_quartz_gem":5,"stat.drop.kagic.roaming_eye":2,"stat.pickup.minecraft.observer":1,"stat.killEntity.kagic.pumpkin":7,"stat.drop.minecraft.splash_potion":1,"stat.useItem.kagic.peridot_gem":30,"stat.aviateOneCm":1215018,"stat.mineBlock.minecraft.sand":1,"stat.useItem.kagic.hessonite_gem":44,"stat.drop.minecraft.end_portal_frame":1,"stat.useItem.minecraft.spawn_egg":472,"stat.useItem.kagic.pearl_0_gem":2,"stat.pickup.kagic.cracked_pearl_2_gem":2,"stat.drop.minecraft.rail":6,"stat.useItem.kagic.water_bear_1_gem":2,"stat.drop.minecraft.diamond_block":2,"stat.drop.kagic.wavy_pink_sandstone_stairs":1,"stat.pickup.kagic.zircon_0_gem":1,"stat.useItem.kagic.agate_14_gem":1,"stat.drop.minecraft.stone_slab":11,"stat.pickup.kagic.water_bear_1_gem":2,"stat.drop.minecraft.stained_hardened_clay":33,"stat.drop.minecraft.wooden_button":2,"stat.pickup.minecraft.skull":3,"stat.drop.kagic.record_blue_diamond":2,"stat.drop.kagic.record_yellow_diamond":3,"stat.useItem.kagic.corrupted_jasper_7_gem":1,"stat.killEntity.kagic.connie":8,"stat.useItem.kagic.sapphire_16_gem":52,"stat.drop.minecraft.fireworks":1,"stat.drop.minecraft.snowball":13,"stat.playOneMinute":3663853,"stat.useItem.kagic.zircon_12_gem":1,"stat.pickup.kagic.cracked_zircon_13_gem":1,"stat.useItem.kagic.water_bear_0_gem":4,"stat.drop.minecraft.chest":2,"stat.pickup.minecraft.iron_bars":1,"stat.pickup.minecraft.netherrack":1,"stat.drop.minecraft.ice":10,"stat.pickup.minecraft.pumpkin":3,"stat.recordPlayed":4,"stat.drop.minecraft.packed_ice":2,"stat.pickup.kagic.topaz_gem":53,"stat.drop.kagic.cracked_topaz_1_gem":1,"stat.pickup.minecraft.detector_rail":1,"stat.useItem.kagic.lapis_lazuli_gem":14,"stat.drop.kagic.pearl_5_gem":2,"stat.drop.kagic.corrupted_watermelon_tourmaline_gem":6,"stat.fallOneCm":722918,"stat.drop.minecraft.stone":41,"stat.drop.kagic.cracked_zircon_5_gem":2,"stat.pickup.kagic.zircon_11_gem":1,"stat.drop.minecraft.dye":1,"stat.pickup.minecraft.dropper":1,"stat.pickup.minecraft.red_mushroom":5,"stat.pickup.kagic.water_bear_0_gem":4,"stat.drop.minecraft.stained_glass_pane":5,"stat.drop.kagic.cracked_jasper_1_gem":2,"stat.drop.minecraft.milk_bucket":1,"stat.drop.minecraft.leaves2":1,"stat.pickup.kagic.pearl_13_gem":2,"stat.useItem.minecraft.golden_rail":4,"stat.pickup.minecraft.feather":279,"stat.pickup.kagic.agate_16_gem":6,"stat.drop.minecraft.concrete":50,"stat.killEntity.Llama":1,"stat.pickup.kagic.pearl_0_gem":6,"stat.pickup.minecraft.lead":1,"stat.killEntity.kagic.steven":9,"stat.pickup.kagic.cracked_zircon_12_gem":2,"stat.pickup.kagic.cracked_pearl_1_gem":1,"stat.drop.minecraft.stick":69,"stat.pickup.minecraft.record_11":1,"stat.drop.minecraft.stone_brick_stairs":2,"stat.drop.minecraft.tallgrass":5,"stat.drop.minecraft.end_stone":1,"stat.pickup.kagic.amethyst_gem":81,"stat.pickup.minecraft.redstone_block":2,"stat.pickup.minecraft.log":1,"stat.pickup.kagic.corrupted_jasper_1_gem":5,"stat.drop.minecraft.sign":38,"stat.killEntity.kagic.ruby":2,"stat.drop.minecraft.stonebrick":9,"stat.useItem.kagic.jasper_gem":1,"stat.pickup.minecraft.tallgrass":1,"stat.drop.minecraft.planks":16,"stat.drop.minecraft.lapis_block":1,"stat.drop.kagic.rose_quartz_gem":1,"stat.pickup.minecraft.sapling":2,"stat.pickup.minecraft.wooden_door":4,"stat.useItem.kagic.agate_16_gem":5,"stat.useItem.kagic.steven_stone":1,"stat.drop.minecraft.bow":2,"stat.pickup.kagic.jasper_0_gem":5,"stat.useItem.kagic.pearl_3_gem":6,"stat.pickup.kagic.pearl_14_gem":4,"stat.drop.kagic.cracked_pearl_15_gem":1,"stat.drop.kagic.cracked_blue_diamond_gem":1,"stat.sneakTime":183130,"stat.useItem.kagic.pearl_14_gem":10,"stat.pickup.kagic.cracked_corrupted_moissanita_gem":1,"stat.drop.minecraft.yellow_flower":1,"stat.pickup.minecraft.stone_slab":1,"stat.pickup.minecraft.yellow_flower":1,"stat.pickup.kagic.cracked_lapis_lazuli_gem":2,"stat.pickup.minecraft.golden_rail":4,"stat.drop.minecraft.wooden_axe":6,"stat.craftItem.minecraft.leather_leggings":1,"stat.drop.kagic.cracked_pearl_1_gem":1,"stat.pickup.minecraft.bone":7,"stat.pickup.minecraft.redstone_torch":3,"stat.drop.minecraft.red_mushroom":13,"stat.drop.minecraft.mossy_cobblestone":4,"stat.drop.minecraft.prismarine_crystals":1,"stat.useItem.minecraft.diamond_sword":736,"stat.pickup.kagic.corrupted_moissanita_gem":1,"stat.swimOneCm":177220,"stat.useItem.kagic.blue_diamond_gem":14,"stat.climbOneCm":73902,"stat.pickup.kagic.corrupted_jasper_2_gem":1,"stat.drop.minecraft.brown_mushroom":4,"stat.enderchestOpened":4,"stat.useItem.minecraft.dirt":16,"stat.pickup.kagic.pearl_12_gem":1,"stat.mineBlock.kagic.rutile_trail":1,"stat.useItem.kagic.pearl_4_gem":8,"stat.pickup.kagic.jasper_1_gem":6,"stat.useItem.minecraft.red_flower":1,"stat.drop.minecraft.web":1,"stat.drop.kagic.galaxy_pad_core":3,"stat.pickup.kagic.pearl_2_gem":1,"stat.drop.minecraft.iron_trapdoor":1,"stat.pickup.kagic.zircon_12_gem":2,"stat.drop.kagic.rutile_gem":3,"stat.pickup.minecraft.cobblestone":21,"stat.pickup.minecraft.quartz_stairs":12,"stat.drop.minecraft.fence":3,"stat.useItem.kagic.sapphire_4_gem":1,"stat.useItem.kagic.sapphire_gem":2,"stat.useItem.minecraft.red_mushroom":1,"stat.drop.minecraft.wheat_seeds":5,"stat.pickup.minecraft.cactus":1,"stat.pickup.kagic.record_duel_of_the_quartz":1,"stat.pickup.minecraft.redstone":4,"stat.drop.minecraft.log":6,"stat.useItem.minecraft.sign":11,"stat.pickup.kagic.agate_14_gem":1,"stat.drop.minecraft.name_tag":1,"stat.drop.minecraft.coal":1,"stat.useItem.minecraft.lever":1,"stat.drop.minecraft.iron_bars":5,"stat.pickup.minecraft.wooden_axe":4,"stat.pickup.kagic.cracked_peridot_gem":1,"stat.drop.minecraft.mycelium":2,"stat.drop.minecraft.dirt":67,"stat.pickup.minecraft.carpet":12,"stat.drop.minecraft.bedrock":16,"stat.useItem.kagic.pearl_5_gem":12,"stat.drop.minecraft.log2":1,"stat.drop.minecraft.anvil":3,"stat.drop.minecraft.yellow_glazed_terracotta":1,"stat.pickup.minecraft.paper":128,"stat.drop.minecraft.potion":1,"stat.useItem.minecraft.stone_slab":1,"stat.drop.kagic.cracked_pearl_13_gem":1,"stat.useItem.kagic.pink_sandstone_slab":16,"stat.pickup.kagic.record_pyramid":2,"stat.pickup.minecraft.grass":2,"stat.pickup.kagic.cracked_blue_diamond_gem":2,"stat.drop.minecraft.leaves":1,"stat.drop.minecraft.dispenser":1,"stat.pickup.kagic.sapphire_16_gem":10,"stat.drop.minecraft.tipped_arrow":19,"stat.mineBlock.minecraft.planks":2,"stat.drop":935,"stat.pickup.minecraft.stone_button":3,"stat.drop.minecraft.redstone_block":2,"stat.drop.kagic.cracked_topaz_gem":7,"stat.pickup.kagic.pearl_1_gem":2,"stat.pickup.kagic.cracked_zircon_5_gem":2,"stat.drop.minecraft.flower_pot":7,"stat.drop.kagic.agate_16_gem":1,"stat.pickup.minecraft.gravel":12,"stat.drop.kagic.pearl_14_gem":3,"stat.killEntity.Slime":23,"stat.drop.kagic.pearl_9_gem":1,"stat.useItem.minecraft.waterlily":82,"stat.drop.kagic.ruby_gem":9,"stat.useItem.kagic.pearl_6_gem":1,"stat.useItem.minecraft.carpet":50,"stat.useItem.kagic.connie_bracelet":1,"stat.useItem.minecraft.potion":20,"stat.pickup.minecraft.diamond_sword":5,"stat.useItem.minecraft.stone_button":1,"stat.useItem.kagic.citrine_1_gem":5,"stat.drop.minecraft.piston":1,"stat.drop.minecraft.bed":4,"stat.pickup.kagic.cracked_zircon_6_gem":1,"stat.boatOneCm":157742,"stat.pickup.kagic.pearl_4_gem":17,"stat.pickup.minecraft.leather":181,"stat.dispenserInspected":5,"stat.drop.minecraft.stone_button":2,"stat.drop.minecraft.water_bucket":2,"stat.drop.minecraft.red_sandstone":1,"stat.pickup.kagic.corrupted_watermelon_tourmaline_gem":21,"stat.useItem.kagic.zircon_0_gem":1,"stat.pickup.minecraft.prismarine_crystals":1,"stat.pickup.kagic.cracked_yellow_diamond_gem":7,"stat.pickup.minecraft.stained_glass":1,"stat.damageDealt":773965,"stat.drop.kagic.cracked_corrupted_moissanita_gem":1,"stat.mineBlock.kagic.rock_melt":1,"stat.sleepInBed":3,"stat.pickup.kagic.sapphire_13_gem":1,"stat.killEntity.Cow":16,"stat.pickup.minecraft.minecart":3,"stat.drop.minecraft.silver_shulker_box":1,"stat.killEntity.Pig":1,"stat.walkOneCm":2413774,"stat.useItem.kagic.sapphire_1_gem":1,"stat.useItem.kagic.corrupted_moissanita_gem":1,"stat.playerKills":5,"stat.pickup.minecraft.stick":5,"stat.drop.kagic.joint_contract":3,"stat.drop.minecraft.vine":1,"stat.useItem.kagic.joint_contract":1,"stat.pickup.kagic.record_defective":1,"stat.drop.kagic.connie_bracelet":1,"stat.drop.kagic.pearl_13_gem":2,"stat.pickup.kagic.cracked_zircon_8_gem":1,"stat.pickup.minecraft.stone":5,"stat.drop.minecraft.slime":1,"stat.pickup.kagic.warp_whistle":5,"stat.drop.minecraft.command_block":2,"stat.pickup.kagic.agate_5_gem":3,"stat.pickup.minecraft.chorus_fruit":24,"stat.pickup.minecraft.gold_ingot":23,"stat.drop.minecraft.purpur_block":1,"stat.pickup.kagic.pearl_3_gem":10,"stat.pickup.minecraft.barrier":1,"stat.drop.minecraft.deadbush":1,"stat.pickup.kagic.gem_staff":6,"stat.drop.kagic.steven_stone":1,"stat.killEntity.Chicken":165,"stat.drop.kagic.cracked_citrine_1_gem":6,"stat.drop.minecraft.crafting_table":2,"stat.pickup.minecraft.bread":1,"stat.pickup.minecraft.concrete_powder":18,"stat.drop.minecraft.end_rod":1,"stat.drop.minecraft.filled_map":1,"stat.drop.minecraft.repeating_command_block":1,"stat.pickup.kagic.topaz_1_gem":6,"stat.pickup.kagic.cracked_zircon_7_gem":1,"stat.drop.minecraft.prismarine":22,"stat.drop.minecraft.beef":226}