{"stat.useItem.minecraft.splash_potion":2,"stat.walkOneCm":54597,"stat.pickup.minecraft.sign":1,"stat.leaveGame":3,"stat.pickup.minecraft.detector_rail":3,"stat.jump":262,"stat.swimOneCm":4372,"stat.fallOneCm":418,"stat.climbOneCm":2663,"stat.crouchOneCm":4077,"stat.sprintOneCm":47592,"stat.useItem.minecraft.stone_slab2":508,"stat.useItem.minecraft.water_bucket":12,"stat.boatOneCm":15222,"stat.flyOneCm":1791955,"stat.playOneMinute":103696,"stat.pickup.minecraft.red_flower":1,"stat.sneakTime":4829,"stat.damageDealt":8,"stat.timeSinceDeath":103696,"stat.pickup.minecraft.netherrack":2,"stat.diveOneCm":23633}