{"stat.useItem.minecraft.bow":26,"stat.pickup.minecraft.repeating_command_block":1,"stat.pickup.kagic.lapis_lazuli_gem":1,"stat.useItem.minecraft.painting":36,"stat.pickup.kagic.bismuth_gem":2,"stat.leaveGame":43,"stat.useItem.kagic.zircon_6_gem":1,"stat.killEntity.Parrot":99,"stat.killEntity.Ozelot":10,"stat.useItem.minecraft.lead":3,"stat.drop.kagic.pearl_0_gem":3,"stat.useItem.minecraft.planks":52,"stat.drop.minecraft.feather":1,"stat.drop.kagic.peridot_gem":1,"stat.pickup.minecraft.blaze_powder":5,"stat.useItem.minecraft.water_bucket":71,"stat.pickup.minecraft.rotten_flesh":5,"stat.pickup.minecraft.sand":6,"stat.pickup.minecraft.splash_potion":5,"stat.useItem.minecraft.vine":2,"stat.pickup.minecraft.name_tag":1,"stat.useItem.kagic.peridot_gem":32,"stat.aviateOneCm":1934,"stat.pickup.minecraft.brown_mushroom":29,"stat.killEntity.MushroomCow":7,"stat.pickup.minecraft.stained_hardened_clay":8,"stat.useItem.minecraft.spawn_egg":5,"stat.pickup.minecraft.double_plant":4,"stat.trappedChestTriggered":1,"stat.drop.kagic.pearl_8_gem":1,"stat.furnaceInteraction":3,"stat.pickup.kagic.record_roses_fountain":2,"stat.pickup.kagic.pearl_6_gem":1,"stat.pickup.minecraft.beef":245,"stat.useItem.minecraft.redstone":10,"stat.pickup.minecraft.skull":8,"stat.drop.minecraft.lead":1,"stat.useItem.kagic.ruby_gem":22,"stat.pickup.minecraft.stone_stairs":2,"stat.useItem.minecraft.flint_and_steel":426,"stat.pickup.minecraft.saddle":2,"stat.pickup.kagic.sapphire_1_gem":1,"stat.pickup.minecraft.lever":14,"stat.deaths":23,"stat.playOneMinute":3400640,"stat.pickup.minecraft.netherrack":2,"stat.chestOpened":50,"stat.useItem.minecraft.splash_potion":2328,"stat.recordPlayed":2,"stat.pickup.minecraft.arrow":1,"stat.pickup.minecraft.detector_rail":5,"stat.useItem.kagic.jasper_1_gem":3,"stat.pickup.minecraft.gold_nugget":26,"stat.useItem.kagic.lapis_lazuli_gem":1,"stat.fallOneCm":23893,"stat.drop.minecraft.stone":2,"stat.crouchOneCm":146375,"stat.pickup.minecraft.painting":2,"stat.pickup.minecraft.red_mushroom":91,"stat.pickup.kagic.water_bear_0_gem":1,"stat.useItem.kagic.zircon_4_gem":1,"stat.drop.minecraft.stained_glass_pane":1,"stat.pickup.minecraft.repeater":1,"stat.pickup.minecraft.feather":87,"stat.pickup.minecraft.orange_shulker_box":1,"stat.drop.minecraft.concrete":2,"stat.pickup.minecraft.dye":11,"stat.pickup.minecraft.planks":3,"stat.pickup.minecraft.wheat_seeds":44,"stat.pickup.kagic.pearl_0_gem":3,"stat.pickup.kagic.record_whats_the_use_of_feeling_blue":4,"stat.pickup.minecraft.lead":1,"stat.drop.minecraft.carpet":1,"stat.pickup.minecraft.record_13":1,"stat.pickup.kagic.pearl_8_gem":1,"stat.drop.minecraft.paper":64,"stat.useItem.minecraft.cobblestone":77,"stat.minecartOneCm":57818,"stat.pickup.minecraft.log":1,"stat.useItem.kagic.jasper_gem":1,"stat.drop.minecraft.planks":1,"stat.pickup.minecraft.hopper":1,"stat.drop.kagic.pearl_6_gem":1,"stat.drop.minecraft.gold_nugget":90,"stat.pickup.minecraft.sapling":1,"stat.pickup.minecraft.wooden_door":4,"stat.useItem.kagic.roaming_eye":1,"stat.pickup.minecraft.iron_door":1,"stat.pickup.minecraft.red_flower":4,"stat.sneakTime":188053,"stat.useItem.minecraft.wooden_axe":25,"stat.pickup.minecraft.yellow_flower":2,"stat.pickup.minecraft.redstone_torch":1,"stat.horseOneCm":1824,"stat.useItem.minecraft.diamond_sword":58,"stat.pickup.minecraft.flower_pot":2,"stat.pickup.minecraft.purple_glazed_terracotta":1,"stat.useItem.kagic.rock_melt":3,"stat.swimOneCm":152328,"stat.climbOneCm":67654,"stat.pickup.minecraft.glowstone":1,"stat.drop.minecraft.cobblestone":1,"stat.enderchestOpened":1,"stat.pickup.kagic.pink_sandstone_stairs":4,"stat.useItem.minecraft.dirt":11,"stat.useItem.minecraft.stone_slab2":28850,"stat.pickup.minecraft.bow":1,"stat.mineBlock.kagic.rutile_trail":2,"stat.pickup.kagic.jasper_1_gem":4,"stat.pickup.kagic.pearl_2_gem":1,"stat.pickup.minecraft.anvil":1,"stat.pickup.minecraft.cobblestone":49,"stat.useItem.kagic.rutile_trail":3,"stat.pickup.kagic.ruby_gem":22,"stat.flyOneCm":27972383,"stat.pickup.minecraft.sandstone":8,"stat.killEntity.ZombieHorse":5,"stat.drop.minecraft.wheat_seeds":1,"stat.pickup.minecraft.cactus":1,"stat.pickup.kagic.record_duel_of_the_quartz":1,"stat.pickup.minecraft.redstone":13,"stat.timeSinceDeath":300854,"stat.useItem.minecraft.sign":10,"stat.killEntity.Bat":69,"stat.useItem.minecraft.lever":6,"stat.pickup.minecraft.redstone_lamp":1,"stat.killEntity.Wolf":13,"stat.pickup.minecraft.carpet":4,"stat.pickup.minecraft.wooden_sword":1,"stat.pickup.minecraft.string":2,"stat.useItem.minecraft.milk_bucket":38,"stat.pickup.minecraft.nether_star":1,"stat.pickup.minecraft.sandstone_stairs":1,"stat.killEntity.Squid":117,"stat.sprintOneCm":516224,"stat.drop.minecraft.potion":3,"stat.useItem.kagic.wavy_pink_sandstone_stairs":73,"stat.useItem.kagic.pink_sandstone_slab":51,"stat.pickup.kagic.record_pyramid":1,"stat.pickup.kagic.jasper_gem":1,"stat.pickup.kagic.sapphire_16_gem":2,"stat.pickup.minecraft.spawn_egg":3,"stat.drop":183,"stat.pickup.minecraft.stone_button":13,"stat.useItem.minecraft.ladder":9,"stat.killEntity.Zombie":1,"stat.pickup.minecraft.snowball":5,"stat.drop.minecraft.bread":3,"stat.killEntity.Guardian":8,"stat.diveOneCm":236258,"stat.pickup.kagic.pearl_1_gem":1,"stat.pickup.minecraft.sign":51,"stat.pickup.minecraft.gravel":1,"stat.useItem.minecraft.waterlily":1,"stat.pickup.minecraft.obsidian":1,"stat.drop.kagic.ruby_gem":2,"stat.pickup.minecraft.stained_glass_pane":1,"stat.useItem.minecraft.carpet":296,"stat.useItem.minecraft.potion":13,"stat.pickup.minecraft.diamond_sword":1,"stat.useItem.kagic.zircon_11_gem":1,"stat.jump":3865,"stat.pickup.kagic.peridot_gem":8,"stat.useItem.minecraft.stone_button":11,"stat.pickup.minecraft.dirt":43,"stat.boatOneCm":448874,"stat.pickup.minecraft.command_block":1,"stat.useItem.kagic.pink_sandstone":492,"stat.pickup.kagic.drained_block":2,"stat.brewingstandInteraction":1,"stat.damageTaken":331200,"stat.pickup.minecraft.leather":103,"stat.dispenserInspected":7,"stat.noteblockTuned":8,"stat.useItem.kagic.zircon_0_gem":1,"stat.pickup.minecraft.bed":7,"stat.pickup.minecraft.concrete":2,"stat.pickup.minecraft.stained_glass":1,"stat.damageDealt":43883,"stat.drop.kagic.lapis_lazuli_gem":1,"stat.mineBlock.kagic.rock_melt":5,"stat.sleepInBed":5,"stat.pickup.kagic.rutile_trail":1,"stat.pickup.minecraft.shulker_shell":2,"stat.pickup.minecraft.record_wait":1,"stat.pickup.minecraft.piston":2,"stat.walkOneCm":2119569,"stat.playerKills":6,"stat.pickup.minecraft.stick":128,"stat.pickup.kagic.record_defective":1,"stat.useItem.minecraft.lava_bucket":552,"stat.pickup.minecraft.purpur_slab":1,"stat.pickup.kagic.cracked_ruby_gem":1,"stat.useItem.kagic.pink_sandstone_stairs":11,"stat.pickup.minecraft.stone":2,"stat.shulkerBoxOpened":40,"stat.useItem.minecraft.stained_hardened_clay":197,"stat.pickup.minecraft.ladder":8,"stat.pickup.kagic.pearl_3_gem":1,"stat.pickup.kagic.gem_staff":1,"stat.pickup.kagic.drained_block_2":1,"stat.pickup.minecraft.concrete_powder":67,"stat.mobKills":417,"stat.useItem.minecraft.boat":1,"stat.useItem.minecraft.writable_book":10,"stat.pickup.minecraft.torch":2,"stat.drop.kagic.sapphire_1_gem":1}