{"stat.useItem.minecraft.bow":2,"stat.useItem.kagic.pearl_8_gem":4,"stat.useItem.minecraft.painting":4,"stat.pickup.minecraft.wooden_slab":1,"stat.pickup.kagic.bismuth_gem":20,"stat.pickup.kagic.agate_4_gem":5,"stat.leaveGame":27,"stat.useItem.kagic.agate_15_gem":7,"stat.pickup.minecraft.record_stal":3,"stat.killEntity.Parrot":33,"stat.killEntity.Ozelot":25,"stat.useItem.kagic.sapphire_0_gem":1,"stat.drop.minecraft.redstone":1,"stat.useItem.minecraft.lead":2,"stat.pickup.minecraft.lapis_block":1,"stat.drop.minecraft.skull":1,"stat.drop.minecraft.feather":3,"stat.useItem.minecraft.fire_charge":18,"stat.pickup.kagic.aquamarine_gem":11,"stat.drop.kagic.peridot_gem":5,"stat.pickup.kagic.agate_10_gem":3,"stat.useItem.minecraft.water_bucket":8,"stat.pickup.minecraft.rotten_flesh":6,"stat.useItem.kagic.sapphire_15_gem":2,"stat.pickup.minecraft.sand":16,"stat.killEntity.Donkey":1,"stat.drop.kagic.roaming_eye":1,"stat.useItem.minecraft.vine":1,"stat.pickup.minecraft.bucket":1,"stat.useItem.minecraft.rail":3,"stat.killEntity.kagic.pumpkin":3,"stat.useItem.kagic.peridot_gem":5,"stat.pickup.minecraft.activator_rail":1,"stat.aviateOneCm":1322358,"stat.pickup.minecraft.record_ward":1,"stat.useItem.kagic.topaz_gem":3,"stat.pickup.minecraft.brown_mushroom":16,"stat.killEntity.MushroomCow":18,"stat.pickup.kagic.pearl_15_gem":10,"stat.killEntity.Villager":65,"stat.hopperInspected":3,"stat.useItem.minecraft.spawn_egg":577,"stat.pickup.minecraft.stained_hardened_clay":3,"stat.pickup.minecraft.double_plant":5,"stat.pickup.kagic.agate_3_gem":3,"stat.pickup.minecraft.record_far":1,"stat.drop.minecraft.gravel":1,"stat.pickup.kagic.record_roses_fountain":7,"stat.pickup.kagic.sapphire_11_gem":5,"stat.useItem.kagic.pearl_12_gem":1,"stat.pickup.minecraft.wooden_button":1,"stat.pickup.minecraft.beef":553,"stat.drop.minecraft.wooden_button":1,"stat.pickup.kagic.cracked_pearl_15_gem":1,"stat.useItem.kagic.ruby_gem":18,"stat.useItem.minecraft.ice":1,"stat.killEntity.Horse":3,"stat.pickup.minecraft.potion":1,"stat.killEntity.kagic.connie":18,"stat.useItem.minecraft.flint_and_steel":38,"stat.useItem.minecraft.lingering_potion":10,"stat.pickup.minecraft.saddle":7,"stat.pickup.kagic.sapphire_1_gem":1,"stat.pickup.minecraft.lever":6,"stat.deaths":37,"stat.playOneMinute":2244963,"stat.useItem.kagic.pearl_1_gem":1,"stat.useItem.kagic.agate_7_gem":1,"stat.drop.minecraft.torch":2,"stat.chestOpened":18,"stat.useItem.minecraft.splash_potion":399,"stat.pickup.minecraft.pumpkin":4,"stat.pickup.minecraft.spruce_door":1,"stat.recordPlayed":59,"stat.pickup.minecraft.arrow":1,"stat.pickup.kagic.topaz_gem":7,"stat.pickup.kagic.agate_2_gem":1,"stat.pickup.minecraft.detector_rail":1,"stat.drop.kagic.corrupted_watermelon_tourmaline_gem":1,"stat.fallOneCm":914,"stat.pickup.kagic.zircon_11_gem":1,"stat.crouchOneCm":118629,"stat.pickup.minecraft.rail":1,"stat.pickup.minecraft.painting":5,"stat.drop.minecraft.mushroom_stew":1,"stat.pickup.minecraft.red_mushroom":864,"stat.pickup.minecraft.melon":60,"stat.craftingTableInteraction":1,"stat.pickup.minecraft.repeater":1,"stat.drop.minecraft.double_plant":1,"stat.pickup.minecraft.feather":100,"stat.useItem.kagic.pearl_2_gem":1,"stat.pickup.minecraft.record_cat":2,"stat.pickup.kagic.agate_16_gem":7,"stat.drop.minecraft.concrete":1,"stat.pickup.minecraft.monster_egg":1,"stat.pickup.minecraft.dye":2,"stat.pickup.minecraft.planks":2,"stat.pickup.minecraft.wheat_seeds":6,"stat.pickup.kagic.pearl_0_gem":6,"stat.useItem.kagic.pearl_15_gem":8,"stat.pickup.kagic.record_whats_the_use_of_feeling_blue":9,"stat.pickup.minecraft.lead":5,"stat.useItem.kagic.corrupted_watermelon_tourmaline_gem":1,"stat.killEntity.kagic.steven":7,"stat.drop.minecraft.stick":5,"stat.flowerPotted":16,"stat.pickup.minecraft.record_13":6,"stat.pickup.kagic.pearl_8_gem":4,"stat.pickup.minecraft.record_11":1,"stat.useItem.kagic.agate_4_gem":1,"stat.craftItem.minecraft.leather_boots":1,"stat.minecartOneCm":48621,"stat.pickup.kagic.amethyst_gem":13,"stat.pickup.minecraft.redstone_block":2,"stat.drop.minecraft.sign":1,"stat.pickup.kagic.record_little_peridot":2,"stat.drop.minecraft.planks":2,"stat.pickup.minecraft.chicken":5,"stat.pickup.minecraft.sapling":2,"stat.pickup.kagic.steven_stone":7,"stat.useItem.minecraft.fireworks":16,"stat.useItem.kagic.steven_stone":1,"stat.pickup.minecraft.coal_block":1,"stat.pickup.kagic.agate_15_gem":34,"stat.pickup.kagic.jasper_0_gem":6,"stat.pickup.kagic.sapphire_4_gem":4,"stat.useItem.kagic.topaz_1_gem":1,"stat.killEntity.WitherSkeleton":3,"stat.drop.kagic.cracked_pearl_15_gem":1,"stat.pickup.minecraft.red_flower":2,"stat.sneakTime":93904,"stat.pickup.minecraft.wool":1,"stat.pickup.kagic.agate_0_gem":13,"stat.craftItem.minecraft.leather_leggings":1,"stat.pickup.minecraft.bone":2,"stat.pickup.minecraft.stone_pressure_plate":1,"stat.horseOneCm":818173,"stat.pickup.minecraft.record_blocks":1,"stat.drop.minecraft.red_mushroom":1,"stat.pickup.kagic.pink_sandstone_slab":1,"stat.useItem.minecraft.diamond_sword":59,"stat.pickup.minecraft.flower_pot":2,"stat.swimOneCm":52126,"stat.climbOneCm":158820,"stat.pickup.minecraft.writable_book":1,"stat.drop.minecraft.writable_book":1,"stat.pickup.kagic.pearl_12_gem":1,"stat.useItem.minecraft.stone_slab2":8886,"stat.pickup.minecraft.bow":2,"stat.pickup.kagic.jasper_1_gem":1,"stat.pickup.kagic.agate_8_gem":8,"stat.drop.kagic.pearl_3_gem":1,"stat.useItem.minecraft.egg":45,"stat.useItem.kagic.jasper_6_gem":1,"stat.pickup.kagic.pearl_2_gem":1,"stat.drop.kagic.topaz_gem":1,"stat.pickup.minecraft.record_chirp":6,"stat.pickup.minecraft.cobblestone":2,"stat.pickup.minecraft.quartz_stairs":1,"stat.pickup.minecraft.iron_trapdoor":1,"stat.flyOneCm":-1699073137,"stat.pickup.kagic.ruby_gem":111,"stat.killEntity.ZombieHorse":14,"stat.pickup.kagic.agate_1_gem":2,"stat.pickup.kagic.sapphire_15_gem":2,"stat.pickup.minecraft.cactus":2,"stat.pickup.kagic.record_duel_of_the_quartz":1,"stat.pickup.minecraft.redstone":8,"stat.timeSinceDeath":40685,"stat.useItem.minecraft.sign":11,"stat.cauldronFilled":1,"stat.pickup.kagic.agate_14_gem":1,"stat.killEntity.Bat":10,"stat.pickup.kagic.citrine_gem":4,"stat.useItem.minecraft.lever":1,"stat.pickup.minecraft.dark_oak_door":1,"stat.killEntity.Wolf":4,"stat.pickup.minecraft.carpet":1,"stat.killEntity.Creeper":1,"stat.talkedToVillager":1,"stat.pickup.kagic.joint_contract":1,"stat.useItem.minecraft.milk_bucket":1,"stat.drop.kagic.record_whats_the_use_of_feeling_blue":1,"stat.pickup.minecraft.nether_star":1,"stat.drop.minecraft.oak_stairs":1,"stat.sprintOneCm":1992849,"stat.useItem.kagic.bismuth_gem":19,"stat.pickup.minecraft.grass":1,"stat.drop.minecraft.leaves":1,"stat.pickup.kagic.agate_7_gem":1,"stat.pickup.kagic.jasper_3_gem":2,"stat.drop":75,"stat.craftItem.minecraft.leather_chestplate":1,"stat.pickup.minecraft.stone_button":17,"stat.pickup.kagic.agate_13_gem":3,"stat.pickup.kagic.sapphire_6_gem":1,"stat.drop.minecraft.redstone_block":2,"stat.pickup.minecraft.snowball":12,"stat.diveOneCm":198126,"stat.pickup.kagic.pearl_1_gem":3,"stat.pickup.minecraft.record_strad":1,"stat.drop.kagic.agate_16_gem":3,"stat.pickup.minecraft.sign":43,"stat.pickup.minecraft.gravel":1,"stat.useItem.minecraft.potion":4,"stat.pickup.kagic.agate_12_gem":3,"stat.pickup.minecraft.diamond_sword":3,"stat.pickup.kagic.agate_6_gem":1,"stat.pickup.kagic.pearl_10_gem":1,"stat.useItem.kagic.zircon_11_gem":1,"stat.jump":20224,"stat.pickup.minecraft.coal":1,"stat.pickup.minecraft.iron_ingot":3,"stat.useItem.minecraft.dark_oak_boat":3,"stat.pickup.kagic.peridot_gem":17,"stat.drop.minecraft.diamond_sword":1,"stat.pickup.kagic.citrine_1_gem":4,"stat.pickup.minecraft.dirt":9,"stat.useItem.minecraft.stone_button":5,"stat.useItem.kagic.citrine_1_gem":121,"stat.boatOneCm":476431,"stat.pickup.minecraft.command_block":6,"stat.pickup.minecraft.leaves":3,"stat.damageTaken":86005,"stat.pickup.minecraft.leather":292,"stat.dispenserInspected":9,"stat.noteblockTuned":54,"stat.pickup.kagic.corrupted_watermelon_tourmaline_gem":3,"stat.pickup.minecraft.concrete":4,"stat.pickup.minecraft.quartz_block":1,"stat.killEntity.Shulker":5,"stat.pickup.minecraft.oak_stairs":1,"stat.pickup.kagic.sapphire_0_gem":1,"stat.drop.kagic.pearl_1_gem":2,"stat.pickup.minecraft.stained_glass":2,"stat.damageDealt":426003,"stat.sleepInBed":5,"stat.pickup.kagic.connie_bracelet":17,"stat.pickup.kagic.sapphire_13_gem":2,"stat.killEntity.Cow":25,"stat.pickup.minecraft.record_wait":12,"stat.useItem.kagic.agate_8_gem":4,"stat.drop.minecraft.painting":3,"stat.drop.kagic.record_roses_fountain":1,"stat.walkOneCm":3113683,"stat.pickup.kagic.jasper_6_gem":1,"stat.drop.kagic.agate_15_gem":22,"stat.animalsBred":17,"stat.playerKills":8,"stat.pickup.minecraft.stick":8,"stat.pickup.minecraft.noteblock":1,"stat.drop.kagic.joint_contract":1,"stat.useItem.kagic.joint_contract":1,"stat.pickup.kagic.cracked_ruby_gem":1,"stat.shulkerBoxOpened":4,"stat.pickup.minecraft.stone":3,"stat.useItem.kagic.pearl_10_gem":1,"stat.drop.minecraft.command_block":3,"stat.pickup.kagic.agate_5_gem":3,"stat.pickup.minecraft.ladder":22,"stat.pickup.kagic.active_gem_base":237,"stat.killEntity.Stray":1,"stat.pickup.kagic.pearl_3_gem":1,"stat.pickup.kagic.roaming_eye":1,"stat.pickup.minecraft.record_mellohi":1,"stat.pickup.kagic.gem_staff":1,"stat.pickup.kagic.record_blue_diamond":5,"stat.killEntity.Chicken":1,"stat.drop.minecraft.cookie":1,"stat.pickup.minecraft.bread":1,"stat.drop.minecraft.end_rod":1,"stat.mobKills":486,"stat.pickup.kagic.topaz_1_gem":1,"stat.useItem.minecraft.boat":5,"stat.useItem.minecraft.writable_book":6,"stat.pickup.minecraft.torch":7,"stat.pickup.kagic.record_gem_shards":2}