{"stat.chestOpened":1,"stat.useItem.minecraft.splash_potion":80,"stat.pickup.minecraft.redstone_torch":2,"stat.leaveGame":8,"stat.pickup.minecraft.waterlily":5,"stat.killEntity.Parrot":3,"stat.useItem.minecraft.waterlily":30,"stat.drop.kagic.ruby_gem":4,"stat.pickup.minecraft.flower_pot":5,"stat.drop.minecraft.red_nether_brick":1,"stat.useItem.minecraft.flower_pot":4,"stat.jump":1038,"stat.swimOneCm":28798,"stat.pickup.minecraft.fence":1,"stat.pickup.minecraft.coal":2,"stat.climbOneCm":5054,"stat.drop.minecraft.stone":1,"stat.drop.minecraft.cobblestone":1,"stat.crouchOneCm":17183,"stat.useItem.minecraft.stone_slab2":13302,"stat.drop.minecraft.melon_block":1,"stat.useItem.minecraft.water_bucket":9,"stat.useItem.minecraft.golden_sword":7,"stat.brewingstandInteraction":1,"stat.useItem.minecraft.vine":10,"stat.damageTaken":280,"stat.pickup.minecraft.feather":40,"stat.pickup.minecraft.cobblestone":176,"stat.flyOneCm":1291514877,"stat.pickup.kagic.ruby_gem":4,"stat.pickup.minecraft.wheat_seeds":1,"stat.pickup.minecraft.rabbit_hide":6,"stat.killEntity.Rabbit":10,"stat.damageDealt":276,"stat.pickup.minecraft.redstone":4,"stat.timeSinceDeath":134552,"stat.useItem.minecraft.spawn_egg":99,"stat.useItem.minecraft.iron_shovel":259,"stat.flowerPotted":19,"stat.walkOneCm":1176193,"stat.trappedChestTriggered":1,"stat.pickup.minecraft.green_shulker_box":4,"stat.pickup.minecraft.melon_block":1,"stat.mineBlock.minecraft.vine":1,"stat.useItem.minecraft.cobblestone":3,"stat.useItem.minecraft.lava_bucket":83,"stat.drop.minecraft.wool":1,"stat.pickup.minecraft.rabbit_foot":4,"stat.useItem.minecraft.redstone":5,"stat.pickup.minecraft.stone":3,"stat.shulkerBoxOpened":1,"stat.drop.minecraft.lapis_block":1,"stat.sprintOneCm":42544,"stat.mineBlock.minecraft.fence":1,"stat.mobKills":15,"stat.deaths":3,"stat.drop":10,"stat.playOneMinute":855761,"stat.pickup.minecraft.red_flower":5,"stat.sneakTime":28597,"stat.pickup.minecraft.rabbit":4,"stat.diveOneCm":69513}