{"stat.useItem.minecraft.bow":61,"stat.pickup.kagic.lapis_lazuli_gem":1,"stat.useItem.minecraft.painting":19,"stat.useItem.minecraft.quartz_block":9,"stat.pickup.minecraft.wooden_slab":5,"stat.pickup.kagic.agate_4_gem":1,"stat.pickup.kagic.gem_seed":1,"stat.leaveGame":58,"stat.killEntity.Ozelot":1,"stat.drop.minecraft.redstone":10,"stat.drop.kagic.pearl_0_gem":3,"stat.drop.minecraft.trapdoor":1,"stat.drop.minecraft.skull":2,"stat.drop.minecraft.feather":21,"stat.pickup.kagic.aquamarine_gem":4,"stat.drop.minecraft.wooden_door":2,"stat.drop.kagic.jasper_gem":1,"stat.useItem.kagic.yellow_diamond_gem":19,"stat.useItem.minecraft.water_bucket":109,"stat.pickup.minecraft.rotten_flesh":2,"stat.useItem.minecraft.diamond_hoe":37,"stat.pickup.minecraft.sand":34,"stat.pickup.kagic.rose_quartz_gem":1,"stat.useItem.minecraft.vine":10,"stat.drop.minecraft.leather_boots":1,"stat.pickup.minecraft.cobblestone_wall":1,"stat.pickup.minecraft.leather_boots":1,"stat.pickup.kagic.record_underwater_temple":1,"stat.aviateOneCm":257606,"stat.useItem.minecraft.anvil":74,"stat.pickup.minecraft.brown_mushroom":55,"stat.mineBlock.minecraft.sand":17,"stat.drop.minecraft.sand":10,"stat.pickup.kagic.warp_pad_core":1,"stat.drop.minecraft.tnt":3,"stat.hopperInspected":2,"stat.useItem.minecraft.spawn_egg":90,"stat.pickup.minecraft.stained_hardened_clay":5,"stat.drop.minecraft.sandstone_stairs":1,"stat.useItem.kagic.pearl_0_gem":6,"stat.drop.kagic.record_little_peridot":1,"stat.useItem.minecraft.iron_shovel":36,"stat.pickup.minecraft.double_plant":24,"stat.pickup.kagic.agate_3_gem":1,"stat.trappedChestTriggered":1,"stat.drop.minecraft.gravel":1,"stat.furnaceInteraction":5,"stat.pickup.kagic.record_roses_fountain":3,"stat.pickup.kagic.sapphire_11_gem":1,"stat.useItem.minecraft.dark_oak_stairs":1,"stat.pickup.minecraft.wooden_button":2,"stat.drop.minecraft.green_shulker_box":1,"stat.drop.minecraft.chorus_fruit":2,"stat.drop.minecraft.red_flower":4,"stat.drop.minecraft.stone_slab":1,"stat.useItem.minecraft.double_plant":6,"stat.pickup.minecraft.prismarine":1,"stat.pickup.kagic.pearl_6_gem":1,"stat.pickup.minecraft.beef":47,"stat.useItem.minecraft.redstone":47,"stat.drop.minecraft.stained_hardened_clay":2,"stat.drop.minecraft.cactus":1,"stat.useItem.minecraft.trapdoor":6,"stat.pickup.minecraft.skull":8,"stat.drop.minecraft.lead":3,"stat.useItem.minecraft.ice":4,"stat.useItem.kagic.ruby_gem":4,"stat.killEntity.Horse":2,"stat.pickup.minecraft.stone_stairs":1,"stat.useItem.minecraft.flint_and_steel":550,"stat.useItem.minecraft.wheat_seeds":14,"stat.pickup.kagic.record_heaven_beetle":2,"stat.useItem.minecraft.dye":4,"stat.pickup.kagic.yellow_diamond_gem":12,"stat.drop.kagic.gem_staff":1,"stat.pickup.minecraft.lever":4,"stat.deaths":30,"stat.playOneMinute":2953474,"stat.pickup.minecraft.birch_door":1,"stat.useItem.kagic.water_bear_0_gem":1,"stat.pickup.minecraft.netherrack":3,"stat.chestOpened":28,"stat.useItem.minecraft.splash_potion":64,"stat.drop.minecraft.birch_fence_gate":1,"stat.drop.minecraft.ice":1,"stat.pickup.minecraft.pumpkin":1,"stat.pickup.minecraft.spruce_door":9,"stat.drop.kagic.sapphire_11_gem":1,"stat.pickup.kagic.cracked_amethyst_gem":8,"stat.recordPlayed":20,"stat.useItem.minecraft.stone":12,"stat.useItem.kagic.aquamarine_gem":4,"stat.drop.minecraft.red_mushroom_block":1,"stat.pickup.kagic.topaz_gem":34,"stat.pickup.minecraft.waterlily":1,"stat.pickup.minecraft.detector_rail":1,"stat.useItem.minecraft.clay":3,"stat.fallOneCm":18939,"stat.drop.minecraft.stone":1,"stat.drop.kagic.cracked_zircon_5_gem":1,"stat.drop.minecraft.dye":1,"stat.crouchOneCm":208081,"stat.pickup.minecraft.painting":6,"stat.pickup.minecraft.red_mushroom":53,"stat.craftingTableInteraction":4,"stat.dropperInspected":1,"stat.pickup.minecraft.heavy_weighted_pressure_plate":1,"stat.pickup.minecraft.milk_bucket":1,"stat.drop.minecraft.double_plant":3,"stat.useItem.kagic.pearl_2_gem":4,"stat.pickup.minecraft.feather":15,"stat.pickup.kagic.agate_16_gem":3,"stat.drop.minecraft.concrete":2,"stat.pickup.minecraft.planks":3,"stat.pickup.minecraft.wheat_seeds":26,"stat.pickup.kagic.record_lapis_flight":5,"stat.pickup.kagic.pearl_0_gem":4,"stat.pickup.minecraft.lead":4,"stat.drop.kagic.agate_12_gem":1,"stat.drop.minecraft.spruce_fence":1,"stat.drop.minecraft.carpet":3,"stat.useItem.minecraft.wool":28,"stat.pickup.minecraft.ice":6,"stat.mineBlock.minecraft.dirt":1,"stat.pickup.kagic.cracked_zircon_12_gem":3,"stat.drop.minecraft.stick":1,"stat.flowerPotted":53,"stat.useItem.minecraft.torch":5,"stat.drop.kagic.cracked_zircon_12_gem":3,"stat.pickup.minecraft.birch_fence_gate":1,"stat.drop.minecraft.tallgrass":1,"stat.useItem.minecraft.cobblestone":198,"stat.useItem.minecraft.gravel":1,"stat.minecartOneCm":22731,"stat.pickup.kagic.amethyst_gem":6,"stat.drop.minecraft.sign":3,"stat.drop.minecraft.planks":4,"stat.drop.kagic.pearl_6_gem":1,"stat.drop.kagic.rose_quartz_gem":1,"stat.pickup.minecraft.tipped_arrow":229,"stat.pickup.minecraft.wooden_door":4,"stat.useItem.minecraft.tallgrass":1,"stat.useItem.minecraft.fireworks":4,"stat.pickup.minecraft.banner":4,"stat.useItem.kagic.roaming_eye":7,"stat.useItem.minecraft.birch_door":2,"stat.useItem.kagic.steven_stone":1,"stat.pickup.kagic.record_yellow_diamond":29,"stat.pickup.kagic.pearl_14_gem":3,"stat.useItem.minecraft.spruce_door":6,"stat.pickup.minecraft.iron_door":1,"stat.pickup.minecraft.red_flower":12,"stat.sneakTime":160502,"stat.useItem.kagic.pearl_14_gem":1,"stat.pickup.minecraft.stone_slab":1,"stat.pickup.kagic.cracked_lapis_lazuli_gem":2,"stat.drop.minecraft.grass":1,"stat.drop.minecraft.wooden_axe":1,"stat.drop.minecraft.pumpkin":2,"stat.pickup.minecraft.redstone_torch":3,"stat.horseOneCm":194971,"stat.drop.kagic.citrine_1_gem":2,"stat.drop.minecraft.red_mushroom":15,"stat.useItem.minecraft.diamond_sword":95,"stat.pickup.minecraft.flower_pot":4,"stat.pickup.kagic.cracked_topaz_1_gem":4,"stat.swimOneCm":109224,"stat.useItem.minecraft.concrete_powder":12,"stat.climbOneCm":64710,"stat.drop.minecraft.cobblestone":1,"stat.drop.minecraft.brown_mushroom":4,"stat.useItem.minecraft.dirt":30,"stat.drop.minecraft.writable_book":3,"stat.useItem.minecraft.stone_slab2":28062,"stat.pickup.forge.bucketfilled":1,"stat.useItem.minecraft.red_flower":1,"stat.drop.kagic.pearl_3_gem":1,"stat.pickup.minecraft.map":4,"stat.pickup.kagic.pearl_2_gem":5,"stat.pickup.minecraft.anvil":12,"stat.drop.kagic.topaz_gem":1,"stat.pickup.minecraft.cobblestone":118,"stat.pickup.minecraft.quartz_stairs":1,"stat.flyOneCm":1304986662,"stat.pickup.kagic.ruby_gem":8,"stat.killEntity.ZombieHorse":7,"stat.useItem.minecraft.red_mushroom":14,"stat.drop.minecraft.wheat_seeds":4,"stat.pickup.minecraft.cactus":2,"stat.pickup.minecraft.redstone":8,"stat.timeSinceDeath":295595,"stat.useItem.minecraft.sign":14,"stat.drop.minecraft.log":2,"stat.cauldronFilled":9,"stat.useItem.minecraft.wooden_slab":63,"stat.useItem.minecraft.lever":4,"stat.pickup.minecraft.wooden_axe":1,"stat.drop.minecraft.stained_glass":1,"stat.drop.minecraft.flint_and_steel":1,"stat.drop.minecraft.dirt":1,"stat.pickup.minecraft.carpet":7,"stat.pickup.minecraft.trapdoor":2,"stat.pickup.kagic.joint_contract":1,"stat.drop.minecraft.spawn_egg":2,"stat.pickup.minecraft.string":2,"stat.drop.minecraft.redstone_lamp":1,"stat.useItem.minecraft.milk_bucket":10,"stat.drop.minecraft.obsidian":1,"stat.drop.minecraft.birch_fence":1,"stat.drop.minecraft.anvil":1,"stat.sprintOneCm":162058,"stat.useItem.minecraft.diamond_shovel":77,"stat.drop.minecraft.leather":3,"stat.pickup.kagic.galaxy_pad_core":1,"stat.useItem.minecraft.stone_slab":24,"stat.pickup.minecraft.grass":1,"stat.pickup.kagic.cracked_blue_diamond_gem":1,"stat.drop.minecraft.leaves":1,"stat.pickup.kagic.jasper_gem":1,"stat.drop.kagic.pearl_4_gem":6,"stat.drop.kagic.cracked_lapis_lazuli_gem":2,"stat.pickup.kagic.sapphire_16_gem":2,"stat.drop.minecraft.tipped_arrow":1,"stat.drop.minecraft.cobblestone_wall":1,"stat.pickup.kagic.rutile_1_gem":1,"stat.drop":229,"stat.useItem.kagic.warp_pad_core":1,"stat.pickup.minecraft.stone_button":16,"stat.killEntity.Sheep":1,"stat.useItem.minecraft.ladder":1,"stat.drop.kagic.rutile_1_gem":1,"stat.pickup.kagic.cracked_topaz_gem":17,"stat.pickup.kagic.blue_diamond_gem":3,"stat.diveOneCm":300255,"stat.pickup.minecraft.wheat":2,"stat.pickup.kagic.cracked_zircon_5_gem":1,"stat.drop.kagic.agate_16_gem":3,"stat.pickup.minecraft.sign":28,"stat.mineBlock.minecraft.stone_button":1,"stat.pickup.minecraft.gravel":4,"stat.drop.kagic.pearl_14_gem":1,"stat.drop.minecraft.ladder":1,"stat.useItem.minecraft.waterlily":3,"stat.drop.kagic.ruby_gem":5,"stat.useItem.minecraft.carpet":15,"stat.useItem.minecraft.heavy_weighted_pressure_plate":1,"stat.pickup.kagic.agate_12_gem":1,"stat.pickup.minecraft.diamond_sword":8,"stat.pickup.kagic.agate_6_gem":1,"stat.drop.minecraft.sandstone":1,"stat.jump":6443,"stat.useItem.minecraft.sand":7,"stat.pickup.minecraft.coal":1,"stat.pickup.kagic.peridot_gem":47,"stat.pickup.kagic.laser_beam":2,"stat.pickup.kagic.citrine_1_gem":2,"stat.pickup.minecraft.dirt":33,"stat.useItem.minecraft.stone_button":17,"stat.pickup.kagic.cracked_zircon_9_gem":1,"stat.drop.kagic.time_glass":7,"stat.drop.minecraft.pumpkin_pie":3,"stat.drop.minecraft.barrier":1,"stat.boatOneCm":151766,"stat.pickup.minecraft.command_block":2,"stat.useItem.kagic.pearl_gem":1,"stat.pickup.minecraft.leaves":1,"stat.pickup.kagic.pearl_4_gem":7,"stat.pickup.kagic.drained_block":2,"stat.damageTaken":5709,"stat.pickup.minecraft.leather":20,"stat.dispenserInspected":35,"stat.drop.minecraft.stone_button":1,"stat.noteblockTuned":49,"stat.pickup.minecraft.concrete":7,"stat.pickup.minecraft.quartz_block":9,"stat.pickup.kagic.cracked_yellow_diamond_gem":5,"stat.pickup.minecraft.stained_glass":1,"stat.damageDealt":627092,"stat.drop.kagic.lapis_lazuli_gem":1,"stat.sleepInBed":6,"stat.pickup.kagic.connie_bracelet":1,"stat.killEntity.Cow":2,"stat.drop.minecraft.painting":1,"stat.drop.kagic.record_roses_fountain":2,"stat.walkOneCm":3619835,"stat.animalsBred":11,"stat.playerKills":1,"stat.drop.minecraft.wheat":1,"stat.pickup.minecraft.stick":3,"stat.pickup.minecraft.spectral_arrow":8,"stat.drop.kagic.joint_contract":1,"stat.drop.kagic.laser_beam":2,"stat.useItem.minecraft.lava_bucket":17,"stat.useItem.minecraft.spruce_boat":1,"stat.drop.kagic.connie_bracelet":1,"stat.pickup.kagic.cracked_ruby_gem":1,"stat.drop.minecraft.birch_stairs":1,"stat.useItem.minecraft.item_frame":5,"stat.shulkerBoxOpened":14,"stat.pickup.minecraft.stone":18,"stat.useItem.minecraft.stained_hardened_clay":30,"stat.pickup.kagic.warp_whistle":5,"stat.pickup.kagic.agate_5_gem":1,"stat.drop.minecraft.wooden_slab":1,"stat.pickup.minecraft.ladder":2,"stat.pickup.minecraft.chorus_fruit":2,"stat.useItem.minecraft.concrete":42,"stat.pickup.kagic.pearl_3_gem":1,"stat.pickup.kagic.roaming_eye":1,"stat.pickup.kagic.gem_staff":1,"stat.pickup.kagic.record_blue_diamond":3,"stat.killEntity.Chicken":1,"stat.drop.minecraft.cookie":1,"stat.useItem.kagic.drained_block":1,"stat.pickup.minecraft.concrete_powder":25,"stat.pickup.minecraft.dark_oak_stairs":2,"stat.mobKills":309,"stat.pickup.kagic.iris":1,"stat.pickup.kagic.topaz_1_gem":9,"stat.useItem.minecraft.golden_apple":2,"stat.pickup.minecraft.water_bucket":1,"stat.pickup.minecraft.diamond":10,"stat.drop.kagic.cracked_zircon_9_gem":1,"stat.useItem.minecraft.writable_book":7,"stat.pickup.minecraft.torch":7,"stat.pickup.kagic.record_gem_shards":1,"stat.drop.minecraft.quartz_block":1,"stat.drop.minecraft.beef":25,"stat.useItem.minecraft.map":4,"stat.drop.kagic.record_gem_shards":2,"stat.drop.kagic.iris":1}