{"stat.beaconInteraction":6,"stat.useItem.kagic.pearl_8_gem":1,"stat.useItem.minecraft.painting":25,"stat.pickup.kagic.lapis_lazuli_gem":4,"stat.pickup.kagic.bismuth_gem":4,"stat.leaveGame":57,"stat.useItem.kagic.zircon_6_gem":1,"stat.killEntity.Parrot":62,"stat.killEntity.Ozelot":3,"stat.useItem.kagic.sapphire_0_gem":3,"stat.drop.kagic.pearl_0_gem":2,"stat.drop.minecraft.feather":32,"stat.useItem.kagic.yellow_diamond_gem":2,"stat.pickup.kagic.pearl_5_gem":1,"stat.useItem.minecraft.water_bucket":179,"stat.useItem.minecraft.vine":10,"stat.useItem.minecraft.rail":39,"stat.useItem.kagic.peridot_gem":15,"stat.aviateOneCm":1297154721,"stat.useItem.kagic.topaz_gem":47,"stat.pickup.minecraft.brown_mushroom":32,"stat.drop.minecraft.gold_ingot":34,"stat.useItem.kagic.hessonite_gem":2,"stat.useItem.minecraft.spawn_egg":584,"stat.useItem.kagic.pearl_0_gem":8,"stat.pickup.minecraft.stained_hardened_clay":4,"stat.pickup.minecraft.double_plant":10,"stat.furnaceInteraction":1,"stat.useItem.kagic.pearl_12_gem":5,"stat.useItem.minecraft.double_plant":4,"stat.pickup.minecraft.beef":33,"stat.pickup.kagic.pearl_6_gem":2,"stat.useItem.minecraft.redstone":17,"stat.drop.minecraft.stained_hardened_clay":1,"stat.useItem.minecraft.fence":2,"stat.pickup.minecraft.skull":2,"stat.useItem.kagic.ruby_gem":9,"stat.pickup.minecraft.potion":1,"stat.pickup.minecraft.acacia_stairs":2,"stat.drop.minecraft.fireworks":1,"stat.drop.kagic.gem_staff":2,"stat.pickup.minecraft.lever":3,"stat.deaths":44,"stat.pickup.minecraft.egg":2,"stat.playOneMinute":2247026,"stat.useItem.kagic.pearl_1_gem":2,"stat.pickup.minecraft.diamond_block":1,"stat.pickup.minecraft.sea_lantern":3,"stat.chestOpened":30,"stat.useItem.minecraft.splash_potion":9,"stat.recordPlayed":7,"stat.pickup.kagic.topaz_gem":4,"stat.pickup.minecraft.gold_nugget":10,"stat.useItem.kagic.lapis_lazuli_gem":3,"stat.drop.kagic.pearl_5_gem":1,"stat.fallOneCm":4494,"stat.drop.minecraft.stone":2,"stat.pickup.kagic.corrupted_jasper_0_gem":1,"stat.crouchOneCm":204121,"stat.drop.kagic.pearl_10_gem":1,"stat.pickup.minecraft.rail":8,"stat.pickup.minecraft.painting":5,"stat.pickup.minecraft.red_mushroom":19,"stat.dropperInspected":5,"stat.pickup.minecraft.milk_bucket":1,"stat.useItem.kagic.sapphire_6_gem":1,"stat.drop.minecraft.double_plant":2,"stat.useItem.minecraft.golden_rail":62,"stat.pickup.minecraft.feather":137,"stat.pickup.kagic.agate_16_gem":3,"stat.pickup.minecraft.dye":13,"stat.pickup.minecraft.wheat_seeds":59,"stat.pickup.kagic.pearl_0_gem":8,"stat.useItem.kagic.pearl_15_gem":1,"stat.pickup.minecraft.lead":3,"stat.useItem.kagic.corrupted_watermelon_tourmaline_gem":19,"stat.killEntity.Rabbit":1,"stat.pickup.minecraft.ice":4,"stat.flowerPotted":2,"stat.useItem.minecraft.cobblestone":94,"stat.useItem.kagic.jasper_0_gem":1,"stat.minecartOneCm":132781,"stat.pickup.kagic.amethyst_gem":1,"stat.pickup.minecraft.redstone_block":2,"stat.pickup.minecraft.log":1,"stat.useItem.kagic.jasper_gem":1,"stat.pickup.minecraft.chicken":1,"stat.drop.kagic.pearl_6_gem":1,"stat.drop.minecraft.gold_nugget":69,"stat.drop.kagic.sapphire_6_gem":1,"stat.useItem.kagic.amethyst_gem":1,"stat.pickup.minecraft.wooden_door":1,"stat.useItem.minecraft.tallgrass":6,"stat.useItem.kagic.agate_16_gem":1,"stat.useItem.minecraft.fireworks":122,"stat.pickup.minecraft.banner":1,"stat.pickup.kagic.jasper_0_gem":1,"stat.useItem.minecraft.acacia_boat":8,"stat.useItem.kagic.pearl_3_gem":1,"stat.pickup.minecraft.red_flower":5,"stat.sneakTime":130615,"stat.pickup.minecraft.wool":3,"stat.useItem.minecraft.wooden_axe":44,"stat.pickup.minecraft.stone_slab":1,"stat.pickup.minecraft.yellow_flower":1,"stat.pickup.minecraft.golden_rail":10,"stat.drop.minecraft.wooden_axe":1,"stat.pickup.minecraft.stone_pressure_plate":3,"stat.pickup.minecraft.spruce_fence_gate":1,"stat.pickup.minecraft.record_blocks":1,"stat.useItem.minecraft.diamond_sword":100,"stat.swimOneCm":80413,"stat.useItem.kagic.blue_diamond_gem":7,"stat.climbOneCm":100134,"stat.enderchestOpened":1,"stat.pickup.minecraft.writable_book":1,"stat.useItem.minecraft.dirt":79,"stat.pickup.kagic.pearl_12_gem":1,"stat.useItem.minecraft.stone_slab2":26802,"stat.useItem.kagic.pearl_4_gem":5,"stat.pickup.kagic.agate_8_gem":1,"stat.drop.kagic.pearl_3_gem":1,"stat.pickup.minecraft.end_portal_frame":1,"stat.useItem.minecraft.egg":94,"stat.pickup.minecraft.pumpkin_pie":64,"stat.pickup.minecraft.cobblestone":3,"stat.pickup.minecraft.record_chirp":1,"stat.useItem.minecraft.spruce_fence_gate":3,"stat.drop.minecraft.fence":1,"stat.flyOneCm":-414133771,"stat.pickup.kagic.ruby_gem":15,"stat.pickup.minecraft.sandstone":26,"stat.pickup.kagic.pink_sandstone":1,"stat.pickup.minecraft.redstone":4,"stat.timeSinceDeath":123444,"stat.pickup.kagic.pearl_9_gem":1,"stat.useItem.minecraft.sign":6,"stat.useItem.minecraft.wooden_slab":1,"stat.pickup.minecraft.wooden_axe":3,"stat.pickup.minecraft.stonebrick":3,"stat.pickup.minecraft.redstone_lamp":1,"stat.pickup.minecraft.carpet":1,"stat.drop.minecraft.bedrock":1,"stat.useItem.kagic.pearl_5_gem":1,"stat.useItem.minecraft.milk_bucket":4,"stat.pickup.minecraft.sandstone_stairs":2,"stat.sprintOneCm":1365573,"stat.useItem.minecraft.diamond_block":26,"stat.pickup.minecraft.chest_minecart":1,"stat.useItem.kagic.jasper_7_gem":1,"stat.useItem.minecraft.stone_slab":14,"stat.drop.kagic.jasper_7_gem":1,"stat.pickup.minecraft.fireworks":2,"stat.pickup.minecraft.grass":2,"stat.pickup.kagic.jasper_gem":1,"stat.drop.minecraft.golden_apple":1,"stat.pickup.minecraft.spawn_egg":194,"stat.drop":166,"stat.useItem.kagic.rose_quartz_gem":1,"stat.pickup.minecraft.stone_button":11,"stat.pickup.kagic.sapphire_6_gem":2,"stat.pickup.kagic.blue_diamond_gem":2,"stat.diveOneCm":301409,"stat.pickup.minecraft.wheat":2,"stat.pickup.kagic.pearl_1_gem":1,"stat.pickup.minecraft.sign":13,"stat.pickup.minecraft.gravel":8,"stat.pickup.kagic.jasper_7_gem":1,"stat.drop.kagic.pearl_9_gem":1,"stat.drop.kagic.ruby_gem":2,"stat.useItem.kagic.pearl_6_gem":5,"stat.useItem.minecraft.carpet":168,"stat.pickup.minecraft.diamond_sword":2,"stat.pickup.kagic.pearl_10_gem":1,"stat.jump":14316,"stat.pickup.minecraft.fence":2,"stat.pickup.kagic.peridot_gem":11,"stat.drop.minecraft.diamond_sword":1,"stat.pickup.kagic.citrine_1_gem":84,"stat.pickup.minecraft.dirt":26,"stat.useItem.minecraft.stone_button":15,"stat.useItem.kagic.citrine_1_gem":40,"stat.drop.kagic.time_glass":1,"stat.boatOneCm":397094,"stat.pickup.minecraft.command_block":1,"stat.pickup.minecraft.cookie":193,"stat.pickup.minecraft.leaves":65,"stat.pickup.kagic.pearl_4_gem":3,"stat.damageTaken":88024,"stat.pickup.minecraft.leather":12,"stat.dispenserInspected":20,"stat.drop.minecraft.water_bucket":1,"stat.pickup.minecraft.concrete":1,"stat.pickup.minecraft.quartz_block":3,"stat.pickup.kagic.sapphire_0_gem":5,"stat.drop.kagic.pearl_1_gem":1,"stat.pickup.minecraft.stained_glass":2,"stat.damageDealt":149890,"stat.useItem.kagic.pearl_9_gem":3,"stat.pickup.minecraft.shulker_shell":1,"stat.pickup.minecraft.record_wait":4,"stat.walkOneCm":4057391,"stat.useItem.minecraft.lava_bucket":242,"stat.useItem.minecraft.spruce_boat":4,"stat.pickup.kagic.cracked_ruby_gem":3,"stat.shulkerBoxOpened":11,"stat.pickup.minecraft.stone":1,"stat.drop.minecraft.slime":1,"stat.useItem.kagic.pearl_10_gem":1,"stat.useItem.minecraft.leaves":21,"stat.pickup.minecraft.ladder":1,"stat.pickup.kagic.active_gem_base":255,"stat.pickup.minecraft.gold_ingot":9,"stat.pickup.kagic.pearl_3_gem":1,"stat.pickup.kagic.gem_staff":7,"stat.pickup.kagic.record_blue_diamond":1,"stat.drop.minecraft.cookie":1,"stat.pickup.minecraft.bread":1,"stat.pickup.minecraft.concrete_powder":1,"stat.pickup.kagic.time_glass":7,"stat.mobKills":182,"stat.pickup.kagic.topaz_1_gem":2,"stat.pickup.minecraft.water_bucket":1,"stat.useItem.minecraft.writable_book":14,"stat.pickup.minecraft.torch":6,"stat.drop.minecraft.quartz_block":2,"stat.pickup.minecraft.elytra":2,"stat.pickup.minecraft.spruce_boat":1,"stat.useItem.kagic.liberation_contract":3}