{"stat.useItem.minecraft.bow":71,"stat.useItem.kagic.pearl_8_gem":3,"stat.pickup.kagic.lapis_lazuli_gem":14,"stat.useItem.minecraft.painting":3,"stat.pickup.minecraft.wooden_slab":54,"stat.pickup.kagic.agate_4_gem":4,"stat.pickup.kagic.gem_seed":2,"stat.leaveGame":29,"stat.killEntity.Parrot":42,"stat.pickup.kagic.cracked_rose_quartz_gem":2,"stat.useItem.kagic.sapphire_0_gem":1,"stat.pickup.kagic.aquamarine_gem":4,"stat.useItem.kagic.yellow_diamond_gem":1,"stat.pickup.kagic.pearl_5_gem":9,"stat.pickup.kagic.agate_10_gem":2,"stat.useItem.minecraft.water_bucket":296,"stat.pickup.minecraft.rotten_flesh":7,"stat.pickup.minecraft.sand":33,"stat.pickup.minecraft.splash_potion":1,"stat.pickup.kagic.rose_quartz_gem":19,"stat.pickup.kagic.cracked_citrine_gem":1,"stat.drop.kagic.cracked_pearl_4_gem":2,"stat.pickup.minecraft.leather_boots":1,"stat.aviateOneCm":841330,"stat.useItem.kagic.topaz_gem":8,"stat.pickup.minecraft.brown_mushroom":1,"stat.drop.minecraft.sand":1,"stat.pickup.kagic.cracked_agate_16_gem":2,"stat.pickup.kagic.pearl_15_gem":3,"stat.useItem.kagic.hessonite_gem":20,"stat.useItem.kagic.cracked_pearl_4_gem":1,"stat.hopperInspected":4,"stat.useItem.kagic.pearl_0_gem":6,"stat.pickup.minecraft.stained_hardened_clay":3,"stat.useItem.minecraft.spawn_egg":115,"stat.pickup.minecraft.packed_ice":1,"stat.pickup.minecraft.double_plant":3,"stat.pickup.kagic.agate_3_gem":7,"stat.pickup.kagic.record_roses_fountain":2,"stat.pickup.kagic.sapphire_11_gem":10,"stat.useItem.kagic.pearl_12_gem":9,"stat.useItem.kagic.agate_14_gem":4,"stat.drop.minecraft.red_flower":1,"stat.pickup.kagic.cracked_sapphire_11_gem":1,"stat.pickup.minecraft.prismarine":1,"stat.pickup.kagic.cracked_jasper_gem":1,"stat.pickup.kagic.pearl_6_gem":39,"stat.pickup.minecraft.beef":213,"stat.pickup.minecraft.furnace":1,"stat.drop.kagic.agate_5_gem":1,"stat.drop.minecraft.stained_hardened_clay":3,"stat.pickup.minecraft.hay_block":1,"stat.drop.minecraft.lead":2,"stat.useItem.kagic.ruby_gem":66,"stat.useItem.minecraft.flint_and_steel":341,"stat.killEntity.kagic.connie":2,"stat.useItem.kagic.sapphire_16_gem":3,"stat.useItem.minecraft.wheat_seeds":25,"stat.pickup.kagic.sapphire_1_gem":9,"stat.pickup.kagic.yellow_diamond_gem":2,"stat.drop.kagic.gem_staff":3,"stat.deaths":26,"stat.playOneMinute":2659480,"stat.useItem.kagic.pearl_1_gem":6,"stat.pickup.minecraft.sea_lantern":1,"stat.pickup.minecraft.item_frame":1,"stat.pickup.minecraft.iron_bars":1,"stat.drop.minecraft.glass_bottle":9,"stat.pickup.minecraft.dispenser":1,"stat.chestOpened":67,"stat.useItem.kagic.sapphire_10_gem":1,"stat.useItem.minecraft.splash_potion":669,"stat.useItem.kagic.citrine_gem":2,"stat.pickup.minecraft.pumpkin":4,"stat.pickup.kagic.cracked_amethyst_gem":1,"stat.recordPlayed":7,"stat.useItem.kagic.aquamarine_gem":1,"stat.pickup.minecraft.iron_sword":1,"stat.pickup.kagic.topaz_gem":18,"stat.pickup.kagic.pearl_7_gem":7,"stat.pickup.kagic.agate_2_gem":7,"stat.useItem.kagic.lapis_lazuli_gem":12,"stat.useItem.minecraft.experience_bottle":210,"stat.pickup.kagic.sapphire_10_gem":2,"stat.fallOneCm":50750,"stat.drop.minecraft.stone":2,"stat.useItem.kagic.corrupted_jasper_0_gem":1,"stat.pickup.kagic.rutile_gem":1,"stat.crouchOneCm":79688,"stat.craftItem.minecraft.banner":1,"stat.pickup.minecraft.painting":2,"stat.pickup.minecraft.red_mushroom":16,"stat.useItem.minecraft.iron_hoe":15,"stat.craftingTableInteraction":12,"stat.pickup.kagic.carnelian_gem":16,"stat.useItem.kagic.sapphire_6_gem":14,"stat.pickup.kagic.pearl_13_gem":2,"stat.useItem.kagic.pearl_2_gem":6,"stat.pickup.minecraft.feather":7,"stat.pickup.kagic.agate_16_gem":29,"stat.drop.minecraft.concrete":1,"stat.pickup.minecraft.dye":4,"stat.pickup.minecraft.planks":1,"stat.drop.kagic.gem_seed":1,"stat.pickup.minecraft.wheat_seeds":57,"stat.pickup.kagic.pearl_0_gem":10,"stat.useItem.kagic.pearl_15_gem":5,"stat.pickup.minecraft.lead":9,"stat.drop.kagic.agate_12_gem":1,"stat.killEntity.kagic.steven":1,"stat.pickup.minecraft.ice":1,"stat.flowerPotted":24,"stat.pickup.minecraft.flint_and_steel":1,"stat.pickup.kagic.pearl_8_gem":3,"stat.useItem.kagic.agate_4_gem":2,"stat.pickup.minecraft.crafting_table":2,"stat.useItem.kagic.jasper_0_gem":7,"stat.craftItem.minecraft.leather_boots":2,"stat.pickup.kagic.amethyst_gem":7,"stat.pickup.kagic.cracked_carnelian_gem":4,"stat.pickup.minecraft.bedrock":1,"stat.useItem.kagic.jasper_gem":2,"stat.drop.minecraft.planks":1,"stat.drop.kagic.pearl_6_gem":1,"stat.pickup.minecraft.tipped_arrow":1,"stat.pickup.minecraft.sapling":1,"stat.useItem.kagic.amethyst_gem":3,"stat.drop.kagic.sapphire_6_gem":1,"stat.useItem.kagic.agate_16_gem":45,"stat.useItem.minecraft.fireworks":19,"stat.pickup.minecraft.banner":4,"stat.useItem.minecraft.iron_sword":104,"stat.pickup.kagic.agate_15_gem":3,"stat.killEntity.PolarBear":1,"stat.pickup.kagic.jasper_0_gem":7,"stat.pickup.kagic.sapphire_4_gem":1,"stat.useItem.kagic.pearl_3_gem":2,"stat.pickup.kagic.record_yellow_diamond":2,"stat.pickup.kagic.pearl_14_gem":7,"stat.useItem.minecraft.stone_hoe":1,"stat.drop.kagic.cracked_blue_diamond_gem":4,"stat.pickup.kagic.cracked_pearl_0_gem":1,"stat.pickup.minecraft.red_flower":1,"stat.sneakTime":78620,"stat.pickup.minecraft.wool":1,"stat.useItem.kagic.pearl_14_gem":8,"stat.pickup.kagic.agate_0_gem":5,"stat.useItem.minecraft.wooden_axe":2,"stat.pickup.minecraft.stone_slab":1,"stat.craftItem.minecraft.leather_leggings":2,"stat.useItem.kagic.agate_3_gem":4,"stat.horseOneCm":12156,"stat.drop.minecraft.red_mushroom":8,"stat.pickup.minecraft.leather_chestplate":1,"stat.useItem.minecraft.diamond_sword":99,"stat.drop.kagic.sapphire_0_gem":1,"stat.swimOneCm":74632,"stat.useItem.kagic.blue_diamond_gem":2,"stat.climbOneCm":27878,"stat.useItem.kagic.cracked_blue_diamond_gem":2,"stat.drop.minecraft.cobblestone":1,"stat.enderchestOpened":3,"stat.drop.kagic.cracked_ruby_gem":2,"stat.pickup.kagic.pearl_12_gem":9,"stat.useItem.minecraft.stone_slab2":51888,"stat.pickup.minecraft.bow":2,"stat.useItem.kagic.pearl_4_gem":10,"stat.pickup.kagic.agate_8_gem":1,"stat.pickup.kagic.cracked_pearl_6_gem":1,"stat.pickup.kagic.pearl_2_gem":8,"stat.useItem.kagic.rutile_gem":1,"stat.pickup.minecraft.cobblestone":8,"stat.flyOneCm":23990939,"stat.pickup.kagic.ruby_gem":87,"stat.pickup.minecraft.sandstone":1,"stat.pickup.minecraft.glass_bottle":3,"stat.pickup.kagic.agate_1_gem":1,"stat.pickup.minecraft.fish":2,"stat.drop.minecraft.wheat_seeds":1,"stat.drop.minecraft.snow_layer":1,"stat.pickup.minecraft.redstone":3,"stat.timeSinceDeath":319002,"stat.pickup.kagic.pearl_9_gem":1,"stat.useItem.kagic.agate_12_gem":2,"stat.useItem.minecraft.sign":1,"stat.pickup.kagic.agate_14_gem":5,"stat.drop.kagic.agate_2_gem":1,"stat.useItem.minecraft.wooden_slab":2,"stat.pickup.kagic.citrine_gem":2,"stat.pickup.minecraft.wooden_axe":2,"stat.killEntity.Wolf":4,"stat.drop.minecraft.dirt":3,"stat.useItem.kagic.agate_2_gem":3,"stat.pickup.minecraft.carpet":1,"stat.pickup.kagic.cracked_sapphire_6_gem":1,"stat.pickup.kagic.joint_contract":1,"stat.drop.minecraft.spawn_egg":1,"stat.drop.minecraft.bedrock":2,"stat.pickup.minecraft.snow_layer":2,"stat.useItem.kagic.pearl_5_gem":7,"stat.pickup.kagic.pearl_11_gem":3,"stat.useItem.minecraft.milk_bucket":5,"stat.sprintOneCm":868001,"stat.pickup.minecraft.paper":1,"stat.pickup.kagic.liberation_contract":1,"stat.useItem.minecraft.stone_slab":2,"stat.pickup.kagic.record_pyramid":4,"stat.pickup.minecraft.grass":1,"stat.pickup.kagic.cracked_blue_diamond_gem":5,"stat.pickup.kagic.agate_7_gem":2,"stat.pickup.kagic.jasper_gem":2,"stat.useItem.kagic.carnelian_gem":15,"stat.useItem.kagic.rutile_1_gem":1,"stat.pickup.minecraft.leather_leggings":1,"stat.pickup.kagic.sapphire_16_gem":5,"stat.drop.minecraft.tipped_arrow":1,"stat.pickup.minecraft.spawn_egg":4,"stat.pickup.kagic.rutile_1_gem":1,"stat.drop":67,"stat.useItem.kagic.rose_quartz_gem":13,"stat.craftItem.minecraft.leather_chestplate":2,"stat.pickup.minecraft.stone_button":2,"stat.pickup.kagic.sapphire_6_gem":14,"stat.useItem.kagic.sapphire_11_gem":9,"stat.pickup.kagic.hessonite_gem":26,"stat.pickup.kagic.blue_diamond_gem":4,"stat.diveOneCm":144708,"stat.pickup.minecraft.wheat":2,"stat.pickup.kagic.pearl_1_gem":6,"stat.pickup.minecraft.sign":7,"stat.pickup.minecraft.gravel":3,"stat.useItem.minecraft.waterlily":33,"stat.drop.kagic.ruby_gem":5,"stat.useItem.kagic.pearl_6_gem":40,"stat.pickup.minecraft.stained_glass_pane":1,"stat.useItem.minecraft.potion":15,"stat.pickup.kagic.agate_12_gem":7,"stat.pickup.minecraft.diamond_sword":4,"stat.pickup.kagic.agate_6_gem":2,"stat.pickup.kagic.pearl_10_gem":2,"stat.jump":5727,"stat.useItem.minecraft.sand":156,"stat.useItem.kagic.pearl_11_gem":2,"stat.pickup.minecraft.coal":1,"stat.pickup.kagic.peridot_gem":10,"stat.drop.minecraft.diamond_sword":1,"stat.pickup.kagic.citrine_1_gem":21,"stat.pickup.minecraft.dirt":15,"stat.useItem.kagic.agate_10_gem":2,"stat.pickup.minecraft.snow":1,"stat.boatOneCm":42637,"stat.useItem.kagic.pearl_gem":1,"stat.pickup.kagic.pearl_4_gem":8,"stat.damageTaken":8273,"stat.pickup.minecraft.leather":133,"stat.dispenserInspected":4,"stat.noteblockTuned":161,"stat.pickup.kagic.corrupted_watermelon_tourmaline_gem":12,"stat.pickup.minecraft.bed":2,"stat.pickup.minecraft.concrete":8,"stat.pickup.kagic.sapphire_0_gem":3,"stat.pickup.minecraft.stained_glass":1,"stat.damageDealt":33845,"stat.drop.kagic.lapis_lazuli_gem":1,"stat.useItem.minecraft.snow_layer":59,"stat.sleepInBed":2,"stat.pickup.kagic.connie_bracelet":9,"stat.useItem.kagic.pearl_9_gem":1,"stat.drop.kagic.agate_3_gem":1,"stat.walkOneCm":1775142,"stat.useItem.kagic.sapphire_1_gem":8,"stat.animalsBred":1,"stat.drop.kagic.joint_contract":1,"stat.useItem.kagic.pearl_7_gem":7,"stat.useItem.kagic.joint_contract":7,"stat.pickup.kagic.record_defective":1,"stat.useItem.minecraft.lava_bucket":21,"stat.pickup.kagic.cracked_ruby_gem":3,"stat.drop.kagic.pearl_13_gem":1,"stat.pickup.minecraft.tnt":1,"stat.useItem.minecraft.item_frame":2,"stat.pickup.kagic.cracked_pearl_4_gem":2,"stat.pickup.minecraft.stone":1,"stat.shulkerBoxOpened":1,"stat.useItem.kagic.pearl_10_gem":2,"stat.pickup.kagic.agate_5_gem":5,"stat.pickup.kagic.pearl_3_gem":2,"stat.pickup.kagic.roaming_eye":2,"stat.pickup.kagic.gem_staff":5,"stat.pickup.kagic.record_blue_diamond":7,"stat.drop.kagic.sapphire_16_gem":1,"stat.pickup.minecraft.concrete_powder":13,"stat.pickup.minecraft.dark_oak_stairs":1,"stat.mobKills":111,"stat.pickup.kagic.topaz_1_gem":3,"stat.pickup.minecraft.torch":3,"stat.useItem.kagic.agate_0_gem":1,"stat.useItem.kagic.liberation_contract":27}