{"stat.drop.kagic.cracked_pearl_1_gem":1,"stat.craftItem.minecraft.leather_leggings":1,"stat.pickup.kagic.agate_4_gem":3,"stat.leaveGame":11,"stat.useItem.minecraft.skull":12,"stat.swimOneCm":42000,"stat.climbOneCm":25868,"stat.drop.minecraft.feather":7,"stat.useItem.minecraft.stone_slab2":4060,"stat.useItem.minecraft.water_bucket":30,"stat.useItem.minecraft.diamond_hoe":93,"stat.pickup.minecraft.pumpkin_pie":866,"stat.useItem.minecraft.vine":3,"stat.pickup.minecraft.cobblestone":1,"stat.useItem.kagic.peridot_gem":2,"stat.flyOneCm":-1708045494,"stat.pickup.kagic.ruby_gem":6,"stat.pickup.minecraft.brown_mushroom":21,"stat.killEntity.Villager":5,"stat.timeSinceDeath":168422,"stat.pickup.minecraft.stained_hardened_clay":1,"stat.useItem.minecraft.spawn_egg":20,"stat.pickup.minecraft.double_plant":2,"stat.pickup.kagic.citrine_gem":1,"stat.drop.minecraft.dirt":128,"stat.pickup.minecraft.wooden_button":1,"stat.useItem.minecraft.milk_bucket":2,"stat.useItem.minecraft.written_book":3,"stat.sprintOneCm":524050,"stat.pickup.minecraft.skull":2,"stat.useItem.kagic.ruby_gem":1,"stat.useItem.minecraft.flint_and_steel":4,"stat.useItem.minecraft.wheat_seeds":2,"stat.pickup.minecraft.grass":1,"stat.useItem.minecraft.wooden_button":3,"stat.useItem.minecraft.dye":4,"stat.deaths":14,"stat.drop":139,"stat.playOneMinute":737769,"stat.craftItem.minecraft.leather_chestplate":1,"stat.useItem.kagic.pearl_1_gem":2,"stat.diveOneCm":177403,"stat.pickup.minecraft.wheat":7,"stat.pickup.kagic.pearl_1_gem":1,"stat.chestOpened":35,"stat.useItem.kagic.citrine_gem":3,"stat.pickup.minecraft.sign":4,"stat.pickup.minecraft.gravel":2,"stat.useItem.minecraft.diamond_axe":18,"stat.useItem.minecraft.waterlily":62,"stat.useItem.kagic.lapis_lazuli_gem":1,"stat.jump":3618,"stat.fallOneCm":57016,"stat.pickup.kagic.peridot_gem":1,"stat.crouchOneCm":51751,"stat.pickup.kagic.citrine_1_gem":3,"stat.pickup.minecraft.dirt":10,"stat.useItem.kagic.citrine_1_gem":6,"stat.pickup.minecraft.red_mushroom":3,"stat.craftingTableInteraction":1,"stat.boatOneCm":162208,"stat.damageTaken":5824,"stat.pickup.minecraft.feather":9,"stat.pickup.minecraft.orange_shulker_box":2,"stat.mineBlock.minecraft.torch":1,"stat.dispenserInspected":3,"stat.pickup.minecraft.concrete":1,"stat.pickup.minecraft.wheat_seeds":14,"stat.pickup.minecraft.lead":1,"stat.damageDealt":1242,"stat.pickup.kagic.cracked_pearl_1_gem":1,"stat.flowerPotted":10,"stat.walkOneCm":467581,"stat.useItem.kagic.agate_4_gem":3,"stat.pickup.minecraft.diamond_pickaxe":1,"stat.craftItem.minecraft.leather_boots":1,"stat.mineBlock.minecraft.double_plant":1,"stat.minecartOneCm":11262,"stat.pickup.kagic.cracked_ruby_gem":3,"stat.pickup.kagic.amethyst_gem":1,"stat.useItem.minecraft.item_frame":1,"stat.shulkerBoxOpened":17,"stat.useItem.kagic.amethyst_gem":1,"stat.useItem.minecraft.tallgrass":2,"stat.pickup.minecraft.ladder":1,"stat.drop.kagic.warp_whistle":1,"stat.mobKills":5,"stat.pickup.minecraft.book":2,"stat.drop.minecraft.written_book":1,"stat.mineBlock.minecraft.leaves":2,"stat.useItem.minecraft.writable_book":6,"stat.pickup.minecraft.torch":2,"stat.pickup.minecraft.spruce_stairs":1,"stat.sneakTime":36095,"stat.drop.minecraft.bucket":1,"stat.useItem.minecraft.map":2}