{"stat.flyOneCm":13386,"stat.useItem.kagic.lapis_lazuli_gem":2,"stat.walkOneCm":12189,"stat.useItem.brise.yellow_gem":2,"stat.jump":15,"stat.useItem.kagic.ruby_gem":2,"stat.useItem.brise.white_gem":2,"stat.useItem.brise.pink_gem":3,"stat.playOneMinute":6901,"stat.useItem.kagic.pearl_gem":4,"stat.useItem.brise.blue_gem":2,"stat.useItem.brise.white_herk_gem":1,"stat.sneakTime":177,"stat.pickup.brise.white_gem":1,"stat.damageDealt":11038,"stat.crouchOneCm":122,"stat.useItem.amalgam.destabilizer_0":6,"stat.timeSinceDeath":6901,"stat.mobKills":5,"stat.pickup.kagic.pearl_12_gem":1,"stat.useItem.minecraft.spawn_egg":8}