{"stat.drop.minecraft.milk_bucket":1,"stat.flyOneCm":71589,"stat.pickup.brise.yellowjade_gem":1,"stat.pickup.minecraft.diamond_sword":1,"stat.walkOneCm":8574,"stat.drop":1,"stat.pickup.minecraft.milk_bucket":1,"stat.useItem.brise.corzir_1_gem":1,"stat.jump":4,"stat.swimOneCm":621,"stat.playOneMinute":8997,"stat.useItem.minecraft.milk_bucket":2,"stat.sneakTime":365,"stat.useItem.brise.yellowjade_gem":2,"stat.useItem.brise.lavenderjade_gem":2,"stat.crouchOneCm":594,"stat.pickup.brise.lavenderjade_gem":2,"stat.timeSinceDeath":8997,"stat.useItem.brise.blackjade_gem":1,"stat.sprintOneCm":344,"stat.useItem.minecraft.stone_slab2":14,"stat.pickup.minecraft.golden_sword":1}