{"stat.flyOneCm":14491,"stat.drop.kagic.gem_staff":1,"stat.deaths":3,"stat.useItem.mikeaddon.pink_diamond_gem":2,"stat.walkOneCm":4072,"stat.drop":1,"stat.swimOneCm":104,"stat.jump":3,"stat.pickup.kagic.gem_staff":1,"stat.playOneMinute":11247,"stat.pickup.mikeaddon.pink_diamond_gem":2,"stat.useItem.mikeaddon.pezzottaite_gem":1,"stat.sneakTime":311,"stat.useItem.brise.pezz_gem":1,"stat.pickup.brise.pezz_gem":1,"stat.damageDealt":10,"stat.crouchOneCm":134,"stat.timeSinceDeath":817,"stat.mobKills":1,"stat.useItem.minecraft.stone_slab2":1,"stat.diveOneCm":125}