{
  "minecraft:recipes/transportation/acacia_boat": {
    "criteria": {
      "entered_water": "2019-02-21 23:41:34 +0000"
    },
    "done": true
  },
  "minecraft:recipes/redstone/redstone": {
    "criteria": {
      "has_redstone_block": "2019-02-22 00:12:44 +0000"
    },
    "done": true
  },
  "minecraft:recipes/misc/light_gray_dye_from_white_tulip": {
    "criteria": {
      "has_red_flower": "2019-02-21 23:26:07 +0000"
    },
    "done": true
  },
  "minecraft:recipes/transportation/dark_oak_boat": {
    "criteria": {
      "entered_water": "2019-02-21 23:41:34 +0000"
    },
    "done": true
  },
  "minecraft:recipes/transportation/birch_boat": {
    "criteria": {
      "entered_water": "2019-02-21 23:41:34 +0000"
    },
    "done": true
  },
  "minecraft:recipes/transportation/boat": {
    "criteria": {
      "entered_water": "2019-02-21 23:41:34 +0000"
    },
    "done": true
  },
  "minecraft:recipes/redstone/redstone_lamp": {
    "criteria": {
      "has_glowstone": "2019-02-21 23:48:07 +0000"
    },
    "done": true
  },
  "minecraft:recipes/transportation/jungle_boat": {
    "criteria": {
      "entered_water": "2019-02-21 23:41:34 +0000"
    },
    "done": true
  },
  "minecraft:recipes/transportation/spruce_boat": {
    "criteria": {
      "entered_water": "2019-02-21 23:41:34 +0000"
    },
    "done": true
  },
  "minecraft:recipes/brewing/cauldron": {
    "criteria": {
      "has_water_bucket": "2019-02-21 23:45:38 +0000"
    },
    "done": true
  },
  "minecraft:adventure/adventuring_time": {
    "criteria": {
      "ice_flats": "2019-02-22 00:11:12 +0000",
      "forest": "2019-02-21 23:23:35 +0000",
      "birch_forest": "2019-02-21 23:30:28 +0000",
      "deep_ocean": "2019-02-21 23:21:35 +0000",
      "beaches": "2019-02-21 23:21:34 +0000",
      "extreme_hills_with_trees": "2019-02-21 23:24:32 +0000",
      "plains": "2019-02-21 23:20:31 +0000",
      "ocean": "2019-02-21 23:33:37 +0000",
      "extreme_hills": "2019-02-21 23:24:25 +0000",
      "roofed_forest": "2019-02-22 00:14:19 +0000",
      "cold_beach": "2019-02-22 00:10:17 +0000",
      "river": "2019-02-21 23:33:33 +0000",
      "stone_beach": "2019-02-22 00:08:33 +0000"
    },
    "done": false
  }
}