{"stat.pickup.minecraft.rotten_flesh":12,"stat.walkOneCm":17190,"stat.pickup.minecraft.bone":5,"stat.pickup.minecraft.arrow":10,"stat.pickup.minecraft.leather":4,"stat.damageTaken":380,"stat.useItem.minecraft.diamond_sword":35,"stat.flyOneCm":54089,"stat.pickup.brise.pink_herk_gem":1,"stat.deaths":1,"stat.pickup.minecraft.diamond_sword":1,"stat.drop":1,"stat.jump":36,"stat.useItem.brise.pink_herk_gem":1,"stat.swimOneCm":1693,"stat.useItem.brise.pink_gem":2,"stat.playOneMinute":6659,"stat.entityKilledBy.Zombie":1,"stat.fallOneCm":418,"stat.pickup.minecraft.beef":6,"stat.drop.brise.pink_herk_gem":1,"stat.sneakTime":205,"stat.damageDealt":2159,"stat.pickup.minecraft.porkchop":4,"stat.crouchOneCm":214,"stat.timeSinceDeath":1031,"stat.sprintOneCm":11276,"stat.pickup.brise.pink_gem":1,"stat.pickup.minecraft.melon":236,"stat.mineBlock.minecraft.tallgrass":1,"stat.diveOneCm":324}